id,cauhoi,dapan1,dapan2,dapan3,dapan4,dapandung,trichdan
1,"Đơn vị nào tại TSC theo dõi, đánh giá nhóm dịch vụ Thanh toán quốc tế?",Ban Tài chính Kế toán ,Trung tâm thanh toán,"Trung tâm Tài trợ
 thương mại",Ban Khách hàng Cá nhân,3,"Theo quy định, chức năng nhiệm vụ của TTTM (số 28/QyĐ-HĐTV-TCTL ngày 18/01/2022)."
2,Chức năng nhiệm vụ của Ban Kế hoạch Chiến lược được quy định tại văn bản nào?,Quyết định số 61/QĐ/HĐTV-TCTL ngày 27/01/2022,Quy định số 62/QyĐ/HĐTV-TCTL ngày 27/01/2022,Quyết định số 510/QĐ-HĐTV-TCTL ngày 28/6/2019,Quyết định số 166/QĐ-HĐTV-TCTL 07/3/2017,2,Quy định số 62/QyĐ/HĐTV-TCTL ngày 27/01/2022 Quy định chức năng nhiệm vụ của Ban Kế hoạch Chiến lược.
3,"Nhiệm vụ “Đầu mối xây dựng, trình các cơ quan quản lý nhà nước phê duyệt, điều chỉnh kế hoạch kinh doanh hàng năm của Agribank và báo cáo kết quả thực hiện” thuộc chức năng nhiệm vụ của đơn vị nào?",Ban ALCO ,Ban Kế hoạch Chiến lược,Ban Tài chính Kế toán,Ban Kế hoạch Chiến lược và Ban Tài chính Kế toán,2,"Khoản 5, Điều 3 Quy định số 62/QyĐ/HĐTV-TCTL ngày 27/01/2022 Quy định chức năng nhiệm vụ của Ban Kế hoạch Chiến lược."
4,"Nhiệm vụ “Đầu mối trình Tổng Giám đốc, Hội đồng thành viên phê duyệt kết quả xếp hạng chi nhánh theo quy định của Agribank” thuộc chức năng nhiệm vụ của đơn vị nào?",Ban Kế hoạch Chiến lược,Ban Thư ký tổng hợp ,Ban Pháp chế,Ban Tổ chức nhân sự,1,"Khoản 9, Điều 3 Quy định số 62/QyĐ/HĐTV-TCTL ngày 27/01/2022 Quy định chức năng nhiệm vụ của Ban Kế hoạch Chiến lược."
5,"Đơn vị nào được HĐTV, TGĐ giao nhiệm vụ xây dựng, đề xuất kế hoạch tổ chức hội nghị sơ kết, tổng kết và định hướng hoạt động kinh doanh của Agribank?",Ban Pháp chế ,Ban Kế hoạch Chiến lược,Trung tâm Kinh doanh Vốn và tiền tệ,Ban Thư ký tổng hợp ,2,"Khoản 8, Điều 3 Quy định số 62/QyĐ/HĐTV-TCTL ngày 27/01/2022"
6,"Đơn vị nào được HĐTV, TGĐ giao nhiệm vụ đầu mối thực hiện công tác thống kê theo quy định tại Thông tư 35 và Thông tư 11 của NHNN tại Agribank?",Ban Chính sách Tín dụng,Ban Truyền thông,Ban Kế hoạch Chiến lược,Ban Tài chính Kế toán,3,"Khoản 4, Điều 3 Quy định số 62/QyĐ/HĐTV-TCTL ngày 27/01/2022 về chức năng nhiệm vụ Ban Kế hoạch Chiến lược."
7,Đơn vị nào có nhiệm vụ điều hành lãi suất huy động và cho vay Thị trường 1 tại Agribank ?,Ban Kế hoạch Chiến lược,Ban ALCO,Trung tâm Kinh doanh Vốn và tiền tệ,Ban Kế hoạch Chiến lược và Ban ALCO,2,"Khoản 2,  Điều 3 Quy định số 56/QyĐ/HĐTV-TCTL ngày 27/01/2022 về chức năng nhiệm vụ của Ban ALCO."
8,"Hiện nay, đơn vị nào được HĐTV, TGĐ giao nhiệm vụ đầu mối xây dựng và triển khai Phương án cơ cấu lại Agribank theo chỉ đạo của NHNN ?",Ban Chính sách Tín dụng,Ban Kế hoạch Chiến lược,Ban Công nghệ,Ban Cổ phần hóa,2,"Khoản 2, Điều 3 Quy định số 62/QyĐ/HĐTV-TCTL ngày 27/01/2022 Quy định chức năng nhiệm vụ của Ban Kế hoạch Chiến lược."
9,"Hiện nay, đơn vị nào được HĐTV, TGĐ giao nhiệm vụ đầu mối xây dựng hồ sơ trình NHNN phê duyệt kết quả xếp hạng hàng năm theo quy định tại Thông tư 52/2018/TT-NHNN, được sửa đổi bổ sung tại Thông tư 23/2021/TT-NHNN.",Ban Kế hoạch Chiến lược,Ban Ngân hàng số,Ban Công nghệ,Trung tâm Tài trợ thương mại,1,Khoản 9 Điều 3 Quy định số 62/QyĐ/HĐTV-TCTL ngày 27/01/2022 Quy định chức năng nhiệm vụ của Ban Kế hoạch Chiến lược.
10,"Ban Kế hoạch Chiến lược có được Hội đồng thành viên, Tổng Giám đốc giao nhiệm vụ đầu mối đề xuất các danh hiệu thi đua trong hệ  thống Agribank không?",Không,Có,,,1,Quy định số 62/QyĐ/ HĐTV-TCTL ngày 27/01/2022 Quy định chức năng nhiệm vụ của Ban Kế hoạch Chiến lược.
11,Ban Kế hoạch Chiến lược đầu mối tham mưu Tổng Giám đốc giao kế hoạch kinh doanh hàng quý đối với chi nhánh bao gồm các chỉ tiêu nào?,Nguồn vốn và dư nợ,Tài chính,,,1,Khoản 5 Điều 3 Quy định số 62/QyĐ/HĐTV-TCTL ngày 27/01/2022 Quy định chức năng nhiệm vụ của Ban Kế hoạch Chiến lược.
12,Ban Kế hoạch Chiến lược có nhiệm vụ điều hành lãi suất huy động và cho vay Thị trường 1 tại Agribank không?,Không,Có,,,1,"Khoản 2, Điều 3 Quy định số 56/QyĐ/HĐTV-TCTL ngày 27/01/2022 Quy định chức năng nhiệm vụ của Ban ALCO"
13,"Theo quy định hiện hành, đơn vị nào đầu mối xây dựng Kế hoạch tài chính của Agribank hàng năm trình Ngân hàng Nhà nước?",Ban Kế hoạch Chiến lược,Ban Tài chính kế toán,Đáp án 1 và 2,,2,Tiết a Khoản 6 điều 19 mục 4 Quy định 3068/QyĐ-NHNo-KHCL ngày 12/12/2023 của Tổng Giám đốc.
14,Hàng năm Agribank xây dựng các chỉ tiêu kế hoạch báo cáo Ngân hàng Nhà nước theo quy định nào?,"Quyết định 313/QĐ-NHNN ngày 27/02/2018 của Thống đốc Ngân hàng Nhà nước Việt Nam quy định về trình tự, thủ tục trình, phê duyệt hoặc có ý kiến về kế hoạch kinh doanh, kế hoạch tài chính; giao chỉ tiêu đánh giá hiệu quả hoạt động và xếp loại doanh nghiệp đối với doanh nghiệp nhà nước, doanh nghiệp có vốn  Nhà nước do Ngân hàng Nhà nước Việt Nam quản lý","Quyết định 195/QĐ-NHNN ngày 13/02/2023 của Thống đốc Ngân hàng Nhà nước Việt Nam quy định về trình tự, thủ tục trình, phê duyệt hoặc có ý kiến về kế hoạch kinh doanh, kế hoạch tài chính; giao chỉ tiêu đánh giá hiệu quả hoạt động và xếp loại doanh nghiệp đối với doanh nghiệp Nhà nước, doanh nghiệp có vốn Nhà nước do Ngân hàng Nhà nước Việt Nam quản lý",Nghị quyết của Hội đồng thành viên năm kế hoạch.,,2,Thực  hiện theo toàn bộ nội dung Quyết định 195/QĐ-NHNN ngày 13/02/2023 của Thống đốc Ngân hàng Nhà nước Việt Nam.
15,"Theo Quyết định 195/QĐ-NHNN ngày 13/02/2023 của Thống đốc Ngân hàng Nhà nước Việt Nam,  hàng năm Agribank phải xây dựng, báo cáo NHNN các kế hoạch nào trước ngày 15/01 năm kế hoạch?",Kế hoạch Kinh doanh; Kế hoạch tài chính; Kế hoạch lao động tiền lương,"KHKD, KHTC, các chỉ tiêu đánh giá hiệu quả hoạt động, xếp loại",Kế hoạch kinh doanh,,1,"Chương II, Mục I, Điều 3, Khoản 2 Quyết định 195/QĐ-NHNN ngày 13/02/2023 của Thống đốc Ngân hàng Nhà nước Việt Nam."
16,"Theo Quyết định 195/QĐ-NHNN ngày 13/02/2023 của Thống đốc Ngân hàng Nhà nước Việt Nam, kế hoạch kinh doanh Agribank phải xây dựng, báo cáo NHNN gồm các chỉ tiêu kế hoạch nào?",Tổng tài sản; Dư nợ tín dụng; Huy động vốn từ tổ chức kinh tế và dân cư ; Tỷ lệ nợ xấu; Tỷ lệ nợ có khả năng mất vốn. ,Tổng tài sản; Dư nợ tín dụng; Huy động vốn từ tổ chức kinh tế và dân cư (Tiền gửi khách hàng và Phát hành giấy tờ có giá); Tỷ lệ nợ xấu so với tổng nợ; Tỷ lệ nợ có khả năng mất vốn; Chi dự phòng rủi ro tín dụng; Lợi nhuận trước thuế.,Tổng tài sản; Dư nợ tín dụng; Huy động vốn từ tổ chức kinh tế và dân cư; Tỷ lệ nợ xấu so với tổng nợ; Lợi nhuận trước thuế.,,2,"Chương II, Mục I, Điều 3, Khoản 1 Quyết định 195/QĐ-NHNN ngày 13/02/2023 của Thống đốc Ngân hàng Nhà nước Việt Nam."
17,"Theo Quyết định số 195/QĐ-NHNN ngày 13/02/2023 của Thống đốc Ngân hàng Nhà nước Việt Nam, các chỉ tiêu đánh giá hiệu quả hoạt động của Agribank do NHNN giao được điều chỉnh trong những trường hợp nào?",Điều chỉnh 1 lần/năm sau ngày 30/6 năm kế hoạch,Điều chỉnh theo đề nghị của Agribank,Không được điều chỉnh trong suốt kỳ thực hiện kế hoạch (trừ các trường hợp bất khả kháng),,3,"Chương I, Điều 2, Khoản 5 Quyết định 195/QĐ-NHNN ngày 13/02/2023 của Thống đốc Ngân hàng Nhà nước Việt Nam."
18,"Theo Quyết định số 195/QĐ-NHNN ngày 
13/02/2023 của Thống đốc Ngân hàng Nhà nước Việt Nam, tiêu chí nào KHÔNG được giao để đánh giá xếp loại doanh nghiệp? ",Tổng doanh thu.,Lợi nhuận sau thuế ,Tỷ lệ bảo đảm an toàn hoạt động,,3,"Chương II, Mục 3, Điều 11 Quyết định 195/QĐ-NHNN ngày 13/02/2023 của Thống đốc Ngân hàng Nhà nước Việt Nam."
19,"Quy định về Người đại diện chủ sở hữu trực tiếp, Người đại diện phần vốn Nhà nước tại tổ chức tín dụng, tổ chức tài chính và doanh nghiệp do Ngân hàng Nhà nước Việt Nam quản lý hiện nay được quy định tại Quyết định nào?",Quyết định số 1500/QĐ-NHNN ngày 20/9/2021 của Thống đốc Ngân hàng Nhà nước Việt Nam,Quyết định số 313/QĐ-NHNN ngày 27/02/2018 của Thống đốc Ngân hàng Nhà nước Việt Nam,Quyết  định số 195/QĐ-NHNN ngày 13/02/2023 của Thống đốc Ngân hàng Nhà nước Việt Nam,,1,Quyết định số 1500/QĐ-NHNN ngày 20/9/2021 của Thống đốc Ngân hàng Nhà nước.
20,"Các nội dung nào sau đây, khi thực hiện, Hội đồng thành viên Agribank phải báo cáo, trình NHNN?","Điều lệ; sửa đổi, bổ sung Điều lệ của tổ chức tín dụng.",Điều chỉnh chỉ tiêu kế hoạch năm đối với chi nhánh loại I,"Hướng dẫn chi nhánh xây dựng, đăng ký KHKD hàng năm",,1,"Khoản 1, Điều 11, Quyết định số 1500/QĐ-NHNN ngày 20/9/2021 của Thống đốc Ngân hàng Nhà nước"
21,Cơ quan đại diện chủ sở hữu của  Agribank là đơn vị nào?,Hội đồng thành viên,Ngân hàng Nhà nước,Bộ Tài chính,,2,"Khoản 1, Điều 3, Quyết định số 1500/QĐ-NHNN ngày 20/9/2021 của Thống đốc Ngân hàng Nhà nước"
22,"Theo quy định tại Quyết định số 1500/QĐ-NHNN ngày 20/9/2021 của Thống đốc Ngân hàng Nhà nước, căn cứ để NHNN đánh giá, xếp loại, khen thưởng và kỷ luật Người đại diện phần vốn nhà nước tại Agribank định kỳ hàng năm gồm?",Kết quả thực hiện Kế hoạch Kinh doanh NHNN giao,Kết quả thực hiện Kế hoạch tài chính NHNN giao,"Tình hình hoạt động sản xuất, kinh doanh của Agribank và kết quả thực hiện các chỉ tiêu kế hoạch NHNN đã giao để đánh giá, xếp loại Người đại diện",,3,"Chương 5, Điều 29, Khoản 1 Quyết định số 1500/QĐ-NHNN ngày 20/9/2021 của Thống đốc Ngân hàng Nhà nước."
23,"Quyết định số 1500/QĐ-NHNN ngày 20/9/2021 của Thống đốc Ngân hàng Nhà nước ban hành quy chế về Người đại diện sở hữu trực tiếp, Người đại diện phần vốn Nhà nước tại tổ chức tín dụng, tổ chức tài chính và doanh nghiệp do Ngân hàng Nhà nước Việt Nam quản lý thay thế Quyết định nào?",Quyết định số 2678/QĐ-NHNN ngày 30/12/2019 của Thống đốc NHNN,Quyết định số 313/QĐ-NHNN ngày 27/02/2018 của Thống đốc NHNN,Quyết định số 195/QĐ-NHNN ngày 13/02/2023 của Thống đốc NHNN,,1,Điều 2 Quyết định số 1500/QĐ-NHNN ngày 20/9/2021 của Thống đốc Ngân hàng Nhà nước 
24,"Hiện nay, Agribank phải duy trì tỷ lệ cho vay so với tổng tiền gửi tối đa bao nhiêu %?",50%,80%,85%,,3,Khoản 5 Điều 20 Thông tư 22/2019/TT-NHNN ngày 15/11/2019
25,Cơ quan nào thực hiện đánh giá hiệu quả hoạt động và xếp loại đối với Agribank hàng năm?,Ngân hàng Nhà nước,Bộ Tài chính,Bộ Kế hoạch và Đầu tư,,1,"Chương 1, Điều 6, Khoản 4 Quyết định số 1500/QĐ-NHNN ngày 20/9/2021 của Thống đốc Ngân hàng Nhà nước "
26,"Theo Quyết định số 195/QĐ-NHNN ngày 13/02/2023 của Thống đốc Ngân hàng Nhà nước Việt Nam, KHKD của Agribank được xây dựng trên những cơ sở nào?","(i) Chỉ đạo của Đảng, Chính phủ ; (ii) chỉ đạo của NHNN.","(i) Định hướng chiến lược kinh doanh; (ii) Chỉ đạo của Đảng, Chính phủ, NHNN ở từng thời kì.",(i) Chiến lược kinh doanh;  (ii) Kết quả kinh doanh năm trước.,,2,Điều 2 Quyết định 195/QĐ-NHNN ngày 13/02/2023 của Thống đốc Ngân hàng Nhà nước Việt Nam.
27,Tiền gửi loại nào của Kho bạc Nhà nước được tính vào tỷ lệ dư nợ cho vay so với tổng tiền gửi?,"Tiền gửi không kỳ hạn
của KBNN",Tiền gửi có kỳ hạn của KBNN (theo quy định từng thời kỳ),Tất cả tiền gửi của KBNN,,2,Thông tư 26/2022/TT-NHNN ngày 31/12/2022.
28,"Tiền gửi KKH của KBNN, tiền gửi CKH của KBNN; Tiền ký quỹ và tiền gửi vốn chuyên dùng của khách hàng có được cân đối tăng trưởng tín dụng không?",Có,Không,Cân đối một phần tiền gửi CKH của KBNN theo tỷ lệ  quy định hàng năm,,3,Thông tư 26/2022/TT-NHNN ngày 31/12/2022.
29,Hiện nay Agribank quản lý hạn mức dư nợ tự động trên hệ thống IPCAS theo quy định nào?,VB 2678/NHNo-KHTH ngày 07/06/2010,QĐ 789/QĐ-HĐTV-KHNV ngày 15/8/2007,QĐ 1275/QĐ-NHNo-KHTH ngày 05/8/2009,,1,Áp dụng toàn bộ văn bản 2678/NHNo-KHTH ngày 07/06/2010
30,"Theo Văn bản số 3606/NHNo-KHCL ngày 13/4/2023 của Tổng Giám đốc về triển khai Quyết định số 195/QĐ-NHNN ngày 13/2/2023 của Ngân hàng Nhà nước, đơn vị nào tại Trụ sở chính đầu mối xây dựng kế hoạch kinh doanh, trình Tổng Giám đốc để báo cáo Hội đồng thành viên trình NHNN phê duyệt?",Ban Kế hoạch Chiến lược,Ban Chính sách Tín dụng,Ban Tài chính Kế toán,,1,"Điểm a, Mục 3.1 Văn bản 3606/NHNo-KHCL ngày 13/4/2023 của Tổng Giám đốc."
31,Đối tượng chịu sự giám sát trực tiếp của Trụ sở chính về hạn mức dư nợ trên hệ thống IPCAS?, Chi nhánh loại II,"Chi nhánh, Phòng giao dịch",Chi nhánh loại I,,3,Khoản 4 Văn bản 2678/NHNo-KHTH ngày 07/6/2010
32,"Theo quy định hiện hành của Agribank, đơn vị nào tại Trụ sở chính đầu mối xây dựng kế hoạch lao động, tiền lương trình Tổng Giám đốc để báo cáo Hội đồng thành viên trình NHNN phê duyệt? ",Ban Tài chính kế toán,Ban Tổ chức Nhân sự,Ban Kế hoạch Chiến lược,,2,"Điểm c, Mục 3.1 Văn bản 3606/NHNo-KHCL ngày 13/4/2023 của Tổng Giám đốc."
33,Thời hạn Agribank phải gửi Báo cáo đánh giá xếp loại doanh nghiệp cho NHNN?,Trước ngày 15 tháng 01 năm kế hoạch,Trước ngày 30 tháng 4 năm kế hoạch,"Trước 31 tháng 3 năm 
kế hoạch",,2,Quyết định 195/QĐ-NHNN ngày 13/02/2023 của Thống đốc Ngân hàng Nhà nước Việt Nam.
34,"Theo quy định hiện hành, Trụ sở chính có giám sát hạn mức dư nợ trên hệ thống IPCAS tới chi nhánh loại II và phòng giao dịch không?",Có,Không,Chỉ giám sát đến chi nhánh loại II,,2,Toàn bộ VB 2678/NHNo-KHTH ngày 07/06/2010
35,"Theo quy định hiện hành, mục đích Trụ sở chính quản lý hạn mức dư nợ trên hệ thống IPCAS?",Giám sát CN loại I về tăng dư nợ,Giám sát hạn mức dư nợ toàn hệ thống,"Giám sát thực hiện
kế hoạch của chi nhánh",,2,Toàn bộ VB 2678/NHNo-KHTH ngày 07/06/2010
36,Agribank thực hiện quản lý hạn mức dư nợ tự động trên hệ thống IPCAS từ ngày/tháng/năm nào?,08/06/2010,08/06/2007,06/08/2008,01/06/2009,1,Khoản 1 Văn bản 2678/NHNo-KHTH ngày 07/6/2010
37,Quy chế số 928/QC-HĐTV-KHCL ngày 08/12/2023 có hiệu lực thi hành kể từ ngày nào?,15/01/2024,31/12/2023,01/01/2024,,3,"Khoản 1 Điều 14 QC 928/QC-HĐTV-KHCL 
ngày 08/12/2023."
38,"Công ty con, chi nhánh Agribank ở nước ngoài có thuộc đối tượng áp dụng của Quy chế 928 không?",Có,Không,Chỉ chi nhánh ở nước ngoài,,2,Điều 2 Quy chế 928/QC-HĐTV-KHCL ngày 08/12/2023 của Hội đồng thành viên về Xây dựng và tổ chức thực hiện KHKD.
39,Quy chế số 928/QĐ-HĐTV-KHCL ngày 08/12/2023 có quy định các nguyên tắc về kế hoạch kinh doanh không? ,Tùy từng năm ,Có,Không,,2,"Điều 4 Quy chế 928/QC-HĐTV-KHCL ngày 08/12/2023 của Hội đồng thành viên về Xây dựng và 
tổ chức thực hiện KHKD."
40,Quy chế số 928/QC-HĐTV-KHCL ngày 08/12/2023 do cấp nào ban hành?,Hội đồng thành viên,Tổng Giám đốc,Ban Kiểm soát,,1, Điều 15 Quy chế 928/QC-HĐTV-KHCL ngày 08/12/2023.
41,"Cấp nào có quyền sửa đổi, bổ sung Quy chế số 928/QC-HĐTV-KHCL ngày 08/12/2023?",Hội đồng thành viên,Tổng Giám đốc,Ban Kiểm soát,,1, Điều 15 Quy chế 928/QC-HĐTV-KHCL ngày 08/12/2023.
42,"Theo Quy chế số 928/QC-HĐTV-KHCL ngày 08/12/2023, Kế hoạch kinh doanh được hiểu như thế nào?","Là công cụ điều hành hoạt động kinh doanh của hệ thống Agribank, bao gồm các chỉ tiêu KHKD, kế hoạch tài chính được cấp có thẩm quyền phê duyệt, giao và quản lý tới các đơn vị, chi nhánh trong hệ thống. ",Là kế hoạch năm.,Kế hoạch kinh doanh bao gồm cả kế hoạch quý và kế hoạch năm,,1," Điều 2 Quy chế 928/QC-HĐTV-KHCL 
ngày 08/12/2023."
43,"Theo Quy chế số 928/QC-HĐTV-KHCL ngày 08/12/2023, Kế hoạch năm được hiểu như thế nào?","Là KHKD theo năm tài chính, bắt đầu từ  ngày 01/01 và kết thúc ngày 31/12 hàng năm, bao gồm kế hoạch định hướng và kế hoạch chính thức",Là KHKD bắt đầu từ ngày 01/01 đến 31/12 hàng năm,Là KHKD hàng năm bao gồm cả kế hoạch quý,,1," Điều 2 Quy chế 928/QC-HĐTV-KHCL 
ngày 08/12/2023."
44,"Việc giao kế hoạch năm chính thức cho các đơn vị, chi nhánh được thực hiện vào thời gian nào?",Trước ngày 15/01 năm kế hoạch,Trước ngày 30/4 năm kế hoạch,Sau khi NHNN phê duyệt kế hoạch năm hoặc giao chỉ tiêu tăng trưởng tín dụng năm cho Agribank,,3,"Khoản 2, Điều 7 Quy chế 928/QC-HĐTV-KHCL 
ngày 08/12/2023."
45,"Theo Quy định số 3068/QyĐ-NHNo-KHCL ngày 12/12/2023 của Tổng Giám đốc Về xây dựng và tổ chức thực hiện kế hoạch kinh doanh, đối tượng áp dụng bao gồm?","Các đơn vị, cá nhân, chi nhánh trong nước của Agribank","Các công ty con, chi nhánh ở nước ngoài",Các chi nhánh Agribank,,1,"Khoản 2, Điều 1 Quy định 3068/QyĐ-NHNo-KHCL ngày 12/12/2023 của Tổng Giám đốc"
46,"Theo Quy định số 3068/QyĐ-NHNo-KHCL ngày 12/12/2023 của Tổng Giám đốc Về xây dựng và tổ chức thực hiện kế hoạch kinh doanh, trách nhiệm của các đơn vị đầu mối kế hoạch được quy định tại điều nào?",Điều 1,Điều 2,Điều 3,,3,Điều 3 Quy định 3068/QyĐ-NHNo-KHCL ngày 12/12/2023 của Tổng Giám đốc
47,"Theo Quy định số 3068/QyĐ-NHNo-KHCL ngày 12/12/2023 của Tổng Giám đốc Về xây dựng và tổ chức thực hiện kế hoạch kinh doanh, các đơn vị và chi nhánh xây dựng kế hoạch năm gửi lần đầu vào thời gian nào?",Theo văn bản hướng dẫn của Tổng Giám đốc,Chậm nhất ngày 05/01 năm kế hoạch,Trước ngày 31/12 năm hiện hành,,1,"Khoản 2, Điều 7 Quy định 3068/QyĐ-NHNo-KHCL ngày 12/12/2023 của Tổng Giám đốc"
48,"Theo Quy định số 3068/QyĐ-NHNo-KHCL ngày 12/12/2023 của Tổng Giám đốc Về xây dựng và tổ chức thực hiện kế hoạch kinh doanh, các đơn vị và chi nhánh xây dựng kế hoạch năm gửi lần 2 vào thời gian nào?",Theo văn bản hướng dẫn của Tổng Giám đốc,Chậm nhất ngày 05/01 năm kế hoạch,Chậm nhất ngày 03/01 năm kế hoạch,,2,"Khoản 2, Điều 7 Quy định 3068/QyĐ-NHNo-KHCL ngày 12/12/2023 của Tổng Giám đốc"
49,"Theo Quy định số 3068/QyĐ-NHNo-KHCL ngày 12/12/2023 của Tổng Giám đốc Về xây dựng và tổ chức thực hiện kế hoạch kinh doanh, Ban Kế hoạch chiến lược phối hợp với các đơn vị trình Tổng Giám đốc giao KHKD định hướng năm kế hoạch đối với một số đơn vị và các chi nhánh vào thời gian nào?","Hoàn thành chậm nhất sau 30 ngày, tính từ ngày được Hội đồng thành viên phê duyệt định hướng ",Trước ngày 31/12 năm hiện hành,Trước 15/01 năm kế hoạch,,1,"Khoản 2, Điều 7 Quy định 3068/QyĐ-NHNo-KHCL ngày 12/12/2023 của Tổng Giám đốc"
50,"Theo Quy định số 3068/QyĐ-NHNo-KHCL ngày 12/12/2023 của Tổng Giám đốc, Ban Chính sách tín dung trực tiếp tham mưu về giao, quản lý chỉ tiêu kế hoạch nào?",Chỉ tiêu dư nợ tín dụng.,Chỉ tiêu dư nợ và nợ xấu.,Chỉ tiêu dư nợ và trích lập dự phòng rủi ro tín dụng.,,1,Điều 3 Quy định 3068/QyĐ-NHNo-KHCL ngày 12/12/2023 của Tổng Giám đốc
51,"Theo Quy định số 3068/QyĐ-NHNo-KHCL ngày 12/12/2023 của Tổng Giám đốc, Trung tâm Quản lý nợ có vấn dề trực tiếp tham mưu về giao, quản lý chỉ tiêu kế hoạch nào?",Chỉ tiêu dư nợ tín dụng và nợ xấu,Chỉ tiêu nợ xấu và trích lập dự phòng rủi ro tín dụng,"Chỉ tiêu tỷ lệ nợ xấu, tỷ lệ nợ nhóm 2, tỷ lệ nợ có khả năng mất vốn, thu nợ đã XLRR",,3,Điều 3 Quy định 3068/QyĐ-NHNo-KHCL ngày 12/12/2023 của Tổng Giám đốc
52,"Theo quy định số 3068/QyĐ-NHNo-KHCL ngày 12/12/2023 của Tổng Giám đốc, TT Quản lý rủi ro tín dụng trực tiếp tham mưu về giao, quản lý chỉ tiêu kế hoạch nào?",Chỉ tiêu dư nợ tín dụng và trích lập dự phòng rủi ro tín dụng,Chỉ tiêu trích lập dự phòng rủi ro tín dụng,"Chỉ tiêu tỷ lệ nợ xấu, tỷ lệ nợ nhóm 2, tỷ lệ nợ có khả năng mất vốn, thu nợ đã XLRR",,2,Điều 3 Quy định 3068/QyĐ-NHNo-KHCL ngày 12/12/2023 của Tổng Giám đốc
53,"Theo Quy định số 3068/QyĐ-NHNo-KHCL ngày 12/12/2023 của Tổng Giám đốc, Ban Quản lý đầu tư nội ngành trực tiếp tham mưu về giao, quản lý chỉ tiêu kế hoạch nào?",Chỉ tiêu nguồn vốn và dư nợ,Chỉ tiêu vốn xây dựng cơ bản,"Kế hoạch vốn đầu tư xây dựng cơ bản, mua sắm tài sản",,3,Điều 3 Quy định 3068/QyĐ-NHNo-KHCL ngày 12/12/2023 của Tổng Giám đốc
54,"Theo Quy định số 3068/QyĐ-NHNo-KHCL ngày 12/12/2023 của Tổng Giám đốc, Ban Quản lý Tài sản Nợ - tài sản Có trực tiếp tham mưu về giao, quản lý chỉ tiêu kế hoạch nào?",Chỉ tiêu nguồn vốn,Quản lý cân đối vốn; kế hoạch giao cho TT Kinh doanh vốn tiền tệ,Chỉ tiêu Tổng tài sản,,2,Điều 3 Quy định 3068/QyĐ-NHNo-KHCL ngày 12/12/2023 của Tổng Giám đốc
55,"Theo Quy định số 3068/QyĐ-NHNo-KHCL ngày 12/12/2023 của Tổng Giám đốc, Ban Khách hàng cá nhân trực tiếp tham mưu về giao, quản lý chỉ tiêu kế hoạch nào?","Xây dựng, đề xuất giao, quản lý các chỉ tiêu kế hoạch đối với khách hàng cá nhân (nguồn vốn, dư nợ tín dụng, thu dịch vụ).","Xây dựng, đề xuất giao, quản lý các chỉ tiêu kế hoạch đối với khách hàng cá nhân (nguồn vốn, dư nợ tín dụng, thu dịch vụ và các chỉ tiêu khác do Tổng Giám đốc quyết định trong từng thời kỳ).",Chỉ tiêu nguồn vốn dân cư,,2,Điều 3 Quy định 3068/QyĐ-NHNo-KHCL ngày 12/12/2023 của Tổng Giám đốc
56,"Theo Quy định số 3068/QyĐ-NHNo-KHCL ngày 12/12/2023 của Tổng Giám đốc, Ban Khách hàng doanh nghiệp trực tiếp tham mưu về giao, quản lý chỉ tiêu kế hoạch nào?","Xây dựng, đề xuất giao, quản lý các chỉ tiêu kế hoạch đối với khách hàng doanh nghiệp (nguồn vốn, dư nợ tín dụng, thu dịch vụ và các chỉ tiêu khác do Tổng Giám đốc quyết định trong từng thời kỳ)","Xây dựng, đề xuất giao, quản lý các chỉ tiêu kế hoạch đối với khách hàng doanh nghiệp (nguồn vốn, dư nợ tín dụng, thu dịch vụ)","Chỉ tiêu nguồn vốn
 pháp nhân",,1,Điều 3 Quy định 3068/QyĐ-NHNo-KHCL ngày 12/12/2023 của Tổng Giám đốc
57,"Theo Quy định số 3068/QyĐ-NHNo-KHCL ngày 12/12/2023 của Tổng Giám đốc, đơn vị nào đầu mối trình Tổng Giám đốc giao kế hoạch vốn đầu tư xây dựng cơ bản, mua sắm tài sản (theo quy định hiện hành của Agribank).",Ban Kế hoạch Chiến lược,Ban Quản lý Đầu tư nội ngành,Ban Tài chính Kế toán,,2,"Khoản 3, Điều 10 Quy định 3068/QyĐ-NHNo-KHCL ngày 12/12/2023 của Tổng Giám đốc"
58,"Theo Quy định số 3068/QyĐ-NHNo-KHCL ngày 12/12/2023 của Tổng Giám đốc, đơn vị nào đầu mối xây dựng bảng cân đối tài sản mục tiêu năm kế hoạch, trình Hội đồng ALCO thông qua, trình Tổng Giám đốc phê duyệt?",Ban ALCO,Ban Tài chính Kế toán,Ban Kế hoạch Chiến lược,,1,"Khoản 2, Điều 10 Quy định 3068/QyĐ-NHNo-KHCL ngày 12/12/2023 của Tổng Giám đốc"
59,"Theo Quy định số 3068/QyĐ - NHNo- KHCL ngày 12/12/2023 của Tổng Giám đốc, kế hoạch năm giao các chi nhánh dựa trên cơ sở nào?",Kế hoạch định hướng do Tổng Giám đốc giao,"Kế hoạch NHNN, HĐTV giao và bảng cân đối tài sản mục tiêu của năm kế hoạch.",Kế hoạch HĐTV giao,,2,"Khoản 3, Điều 5 Quy định 3068/QyĐ-NHNo-KHCL ngày 12/12/2023 của Tổng Giám đốc"
60,"Theo Quy định số 3068/QyĐ-NHNo-KHCL ngày 12/12/2023 của Tổng Giám đốc, nội dung chỉ tiêu dư nợ kế hoạch năm giao cho các chi nhánh bao gồm?",Dư nợ tín dụng; dư nợ tín dụng bình quân.,"Tỷ trọng dư nợ theo đối tượng khách hàng, kỳ hạn, loại tiền tệ. Dư nợ bình quân. ","Dư nợ tín dụng; dư nợ tín dụng bình quân; dư nợ/tỷ trọng dư nợ theo đối tượng khách hàng, kỳ hạn, loại tiền tệ (VND và USD, ngoại tệ khác nếu có).",,3,"Điểm b, Khoản 3, Điều 5 Quy định 3068/QyĐ-NHNo-KHCL ngày 12/12/2023 của Tổng Giám đốc"
61,"Theo Quy định số 3068/QyĐ-NHNo-KHCL ngày 12/12/2023 của Tổng Giám đốc, nội dung chỉ tiêu nguồn vốn kế hoạch năm giao cho các chi nhánh bao gồm?",Tổng nguồn vốn huy động từ các tổ chức và dân cư. ,Tổng nguồn vốn huy động từ các tổ chức và dân cư; nguồn vốn huy động bình quân; số dư nguồn vốn/tỷ trọng nguồn vốn theo đối tượng khách hàng.,"Tổng nguồn vốn huy động từ các tổ chức và dân cư (trừ tổ chức tín dụng); nguồn vốn huy động bình quân; số dư nguồn vốn/tỷ trọng nguồn vốn theo đối tượng khách hàng, kỳ hạn, loại tiền tệ (VND và USD, ngoại tệ khác nếu có).",,3,"Điểm a, Khoản 3 Điều 5 Quy định 3068/QyĐ-NHNo-KHCL ngày 12/12/2023 của Tổng Giám đốc"
62,"Theo Quy định số 3068/QyĐ-NHNo-KHCL ngày 12/12/2023 của Tổng Giám đốc, kế hoạch năm giao cho các đơn vị như thế nào?",Tổng nguồn vốn huy động; Dư nợ tín dụng; Thu dịch vụ theo đối tượng khách hàng.,Ban KHCL trình Tổng Giám đốc quyết định phù hợp với tình hình thực tế trong từng thời kỳ (Ban ALCO đầu mối đề xuất kế hoạch năm giao cho TT KDVTT),Giao như chi nhánh.,,2,"Khoản 4, Điều 5 Quy định 3068/QyĐ-NHNo-KHCL ngày 12/12/2023 của Tổng Giám đốc"
63,"Theo Quy định số 3068/QyĐ-NHNo-KHCL ngày 12/12/2023 của Tổng Giám đốc, việc giao, điều hành kế hoạch quý như thế nào?","Kế hoạch quý được giao, điều hành linh hoạt, phù hợp với tình hình kinh doanh thực tế và bảng cân đối tài sản mục tiêu hàng quý được Tổng Giám đốc phê duyệt. Trường hợp không giao kế hoạch quý cụ thể, Tổng Giám đốc ban hành văn bản chỉ đạo định hướng chung để các đơn vị, chi nhánh thực  hiện trên cơ sở kế hoạch năm đã thông báo.","Giao và điều hành tổng nguồn vốn huy động từ các tổ chức và dân cư, dư nợ theo đăng ký của chi nhánh.",Không được điều chỉnh.,,1,"Điểm a, Khoản 5, Điều 5 Quy định 3068/QyĐ-NHNo-KHCL ngày 12/12/2023 của Tổng Giám đốc"
64,"Theo Quy định số 3068/QyĐ-NHNo-KHCL ngày 12/12/2023 của Tổng Giám đốc, thời hạn phê duyệt trình Tổng Giám đốc, trình HĐTV phê duyệt định hướng KHKD năm kế hoạch toàn hệ thống được quy định như thế nào?","Hoàn thành trước ngày 20/10 năm hiện hành và bổ sung, hoàn thiện theo yêu cầu của Hội đồng thành viên, nếu có. ",Hoàn thành trước ngày 31/10 năm hiện hành.,Hoàn thành trước ngày 31/12 năm hiện hành.,,1,"Điểm a, Khoản 1, Điều 7 Quy định 3068/QyĐ-NHNo-KHCL ngày 12/12/2023 của Tổng Giám đốc"
65,"Theo Quy định số 3068/QyĐ-NHNo-KHCL ngày 12/12/2023 của Tổng Giám đốc, thời hạn ban hành văn bản hướng dẫn các đơn vị, chi nhánh xây dựng KHKD năm kế hoạch theo các mục tiêu định hướng, phù hợp với bảng cân đối tài sản mục tiêu đã được phê duyệt  được quy định như thế nào?",Hoàn thành trước ngày 31/10 năm hiện hành.,"Hoàn thành chậm nhất sau 15 ngày, tính từ ngày được Hội đồng thành viên phê duyệt định hướng.",Hoàn thành trước ngày 15/12 năm hiện hành.,,2,"Điểm b, Khoản 1, Điều 7 Quy định 3068/QyĐ-NHNo-KHCL ngày 12/12/2023 của Tổng Giám đốc"
66,"Theo Quy định số 3068/QyĐ-NHNo-KHCL ngày 12/12/2023 của Tổng Giám đốc, thời hạn các đơn vị và chi nhánh gửi kế hoạch kinh doanh lần 2 để giao kế hoạch năm chính thức  được quy định như thế nào?",Chậm nhất ngày 05/01 năm kế hoạch.,"Trước ngày 07/01 
năm kế hoạch.","Trước ngày 31/12 
năm hiện hành.",,1,"Điểm a, Khoản 2, Điều 7 Quy định 3068/QyĐ-NHNo-KHCL ngày 12/12/2023 của Tổng Giám đốc"
67,"Theo Quy định số 3068/QyĐ-NHNo-KHCL ngày 12/12/2023 của Tổng Giám đốc, thời hạn giao KHKD định hướng đối với các đơn vị và chi nhánh?",Hoàn thành trước ngày 31/01 năm kế hoạch,"Hoàn thành chậm nhất sau 30 ngày, tính từ ngày được Hội đồng thành viên phê duyệt định hướng","Trước ngày 31/12 
năm hiện hành.",,2,"Điểm b, Khoản 2, Điều 7 Quy định 3068/QyĐ-NHNo-KHCL ngày 12/12/2023 của Tổng Giám đốc"
68,"Theo Quy định số 3068/QyĐ-NHNo-KHCL ngày 12/12/2023 của Tổng Giám đốc, thời gian trình NHNN phê duyệt  KHKD năm kế hoạch của Agribank được quy định như thế nào?",Hoàn thành trước ngày 15/01 năm kế hoạch,Hoàn thành trước ngày 10/01 năm kế hoạch,"Trước ngày 30/04 
năm kế hoạch",,1,"Điểm b, Khoản 3, Điều 7 Quy định 3068/QyĐ-NHNo-KHCL ngày 12/12/2023 của Tổng Giám đốc"
69,"Theo Quy định số 3068/QyĐ-NHNo-KHCL ngày 12/12/2023 của Tổng Giám đốc, thời gian trình NHNN phê duyệt kế hoạch tài chính năm kế hoạch của Agribank được quy định như thế nào?",Hoàn thành trước ngày 15/01 năm kế hoạch,Hoàn thành trước ngày 10/01 năm kế hoạch,"Trước ngày 30/04 
năm kế hoạch",,1,"Điểm c, Khoản 3, Điều 7 Quy định 3068/QyĐ-NHNo-KHCL ngày 12/12/2023 của Tổng Giám đốc"
70,"Theo Quy định số 3068/QyĐ-NHNo-KHCL ngày 12/12/2023 của Tổng Giám đốc, trường hợp giao kế hoạch quý, Tổng Giám đốc phê duyệt, thông báo kế hoạch quý đối với các chi nhánh và các đơn vị (nếu có) vào thời gian nào?",Chậm nhất ngày 15 tháng đầu quý kế hoạch,Trước ngày 10 tháng đầu quý kế hoạch,Chậm nhất ngày cuối quý trước,,1,"Khoản 2, Điều 11 Quy định 3068/QyĐ-NHNo-KHCL ngày 12/12/2023 của Tổng Giám đốc"
71,"Theo Quy định số 3068/QyĐ-NHNo-KHCL ngày 12/12/2023 của Tổng Giám đốc, các chỉ tiêu được điều chỉnh, thời gian điều chỉnh, số lần điều chỉnh kế hoạch năm đối với các chi nhánh, đơn vị được quy định như thế nào?",Điều chỉnh tối đa 1 lần sau ngày 30/6 năm kế hoạch.,"Các chỉ tiêu được điều chỉnh, thời gian điều chỉnh, số lần điều chỉnh kế hoạch năm do Tổng Giám đốc quyết định phù hợp với tình hình thực tế để đáp ứng nhu cầu hoạt động kinh doanh của các chi nhánh và toàn hệ thống nhằm hoàn thành kế hoạch được NHNN, Hội đồng thành viên giao, đảm bảo nghiêm túc kỷ cương, kỷ luật kế hoạch và tuân thủ các tỷ lệ an toàn hoạt động, hạn chế tối đa việc điều chỉnh kế hoạch đối với các đơn vị, chi nhánh nhiều lần trong năm.",Không được điều chỉnh.,,2,"Điểm c, Khoản 3 Điều 14 Quy định 3068/QyĐ-NHNo-KHCL ngày 12/12/2023 của Tổng Giám đốc"
72,"Theo Quy định số 3068/QyĐ-NHNo-KHCL ngày 12/12/2023 của Tổng Giám đốc, Ban ALCO trình Tổng Giám đốc xem xét điều chỉnh hạn mức điều chuyển vốn nội bộ phù hợp, đảm bảo thanh khoản và các tỷ lệ an toàn hoạt động trong trường hợp nào?",Trường hợp chi nhánh được điều chỉnh chỉ tiêu kế hoạch dư nợ tín dụng quý.,Trường hợp chi nhánh hoặc đơn vị (nếu có) được điều chỉnh chỉ tiêu kế hoạch dư nợ tín dụng và/hoặc chỉ tiêu kế hoạch nguồn vốn quý.,Trường hợp chi nhánh được điều chỉnh kế hoạch nguồn vốn quý.,,2,"Khoản 4, Điều 15 Quy định 3068/QyĐ-NHNo-KHCL ngày 12/12/2023 của Tổng Giám đốc"
73,"Theo Quy định số 3068/QyĐ-NHNo-KHCL ngày 12/12/2023 của Tổng Giám đốc, hành vi vi phạm kỷ luật kế hoạch là trường hợp nào?","Trường hợp đơn vị, chi nhánh vượt kế hoạch dư nợ.","- Trường hợp đơn vị, chi nhánh vượt kế hoạch dư nợ;
- Trường hợp đơn vị, chi nhánh vi phạm về cân đối vốn;
- Các hành vi vi phạm khác.","Trường hợp vi phạm về lãi suất huy động, cho vay.",,2,"Điểm b, Khoản 2 Điều 18 Quy định 3068/QyĐ-NHNo-KHCL ngày 12/12/2023 của Tổng Giám đốc"
74,"Theo Quy định số 3068/QyĐ-NHNo-KHCL ngày 12/12/2023 của Tổng Giám đốc, trong thời gian NHNN chưa giao chỉ tiêu tăng trưởng dư nợ tín dụng hoặc KHKD năm cho Agribank, Tổng Giám đốc điều hành KHKD như thế nào?","Tổng Giám đốc chủ động điều hành KHKD thông qua giao kế hoạch định hướng năm, kế hoạch quý đối với các chi nhánh và đơn vị (nếu có), phù hợp với định hướng chỉ đạo của NHNN, Hội đồng thành viên để đáp ứng yêu cầu hoạt động kinh doanh.",Điều hành KHKD Quý trong thời gian chờ NHNN giao KHKD.,Tạm ứng KH cho các chi nhánh.,,1,"Khoản 4, Điều 10 Quy định 3068/QyĐ-NHNo-KHCL ngày 12/12/2023 của Tổng Giám đốc"
75,"Theo Quy định số 3068/QyĐ-NHNo-KHCL ngày 12/12/2023 của Tổng Giám đốc, trường hợp giao kế hoạch quý, kế hoạch quý có thể bao gồm các chỉ tiêu nào?","- Tổng nguồn vốn huy động từ các tổ chức và dân cư (trừ tổ chức tín dụng); nguồn vốn theo loại tiền tệ (VND và USD, ngoại tệ khác nếu có).
- Dư nợ tín dụng; dư nợ tín dụng theo kỳ hạn, loại tiền tệ (VND và USD, ngoại tệ khác nếu có).
- Hạn mức điều chuyển vốn nội bộ và các chỉ tiêu khác do Tổng Giám đốc quyết định (nếu có).",#NAME?,"Nguồn vốn, dư nợ, tồn quỹ tiền mặt.",,1,"Điểm b, Khoản 5 Điều 5 Quy định 3068/QyĐ-NHNo-KHCL ngày 12/12/2023 của Tổng Giám đốc"
76,"Theo Quy chế số 928/QC- HĐTV-KHCL ngày 08/12/2023 của Hội đồng thành viên, chi nhánh loại I có giao kế hoạch kinh doanh đối với các chi nhánh loại II và phòng giao dịch không?","Chi nhánh loại I giao các chỉ tiêu KHKD cho chi nhánh loại II và các đơn vị trực thuộc, người lao động quản lý trực tiếp. Chi nhánh loại II  giao KHKD đến phòng giao dịch, các đơn vị trực thuộc và người lao động.  ","Chi nhánh loại I giao chi nhánh loại II, phòng giao dịch.",Chi nhánh loại I không giao kế hoạch.,,1,"Điểm b, Khoản 2 Điều 7 Quy chế 928/QC-HĐTV-KHCL ngày 08/12/2023 của Hội đồng thành viên."
77,"Theo Quy chế số 928/QC- HĐTV-KHCL ngày 08/12/2023 của Hội đồng thành viên, việc điều chỉnh kế hoạch trung, dài hạn của Agribank do NHNN giao được thực hiện thế nào?",Tổng Giám đốc trình Hội đồng thành viên trình Ngân hàng Nhà nước điều chỉnh kế hoạch đối với các trường hợp bất khả kháng hoặc khi có biến động lớn về điều kiện vĩ mô làm ảnh hưởng đến các mục tiêu kinh doanh đề ra.,"Theo đề nghị của các 
chi nhánh loại I.",Theo đề nghị của Ban KHCL.,,1," Khoản 1, Điều 8 Quy chế 928/QC-HĐTV-KHCL ngày 08/12/2023 của Hội đồng thành viên."
78,"Theo Quy chế số 928/QC- HĐTV-KHCL ngày 08/12/2023 của Hội đồng thành viên, nội dung Đề án chiến lược, phương án cơ cấu lại, KHKD của Agribank thuộc thẩm quyền phê duyệt của Ngân hàng Nhà nước được thực hiện như thế nào?","Thực hiện theo chỉ đạo
 của HĐTV.","Thực hiện theo chỉ đạo, hướng dẫn của Ngân hàng Nhà nước.",Theo đề nghị của Tổng Giám đốc.,,2,"Điểm a, Khoản 1 Điều 5 Quy chế 928/QC-HĐTV-KHCL ngày 08/12/2023 của Hội đồng thành viên."
79,"Theo Quy chế số 928/QC- HĐTV-KHCL ngày 08/12/2023 của Hội đồng thành viên, căn cứ xây dựng KHKD đối với kế hoạch trung, dài hạn gồm những nội dung nào?","- Chiến lược, quy hoạch, kế hoạch phát triển kinh tế - xã hội của Đảng, Chính phủ, Quốc hội;
- Chiến lược, định hướng phát triển, chương trình/ kế hoạch hành động, đề án/ phương án cơ cấu lại các tổ chức tín dụng và Agribank; các cơ chế, chính sách, chỉ đạo của Ngân hàng Nhà nước;
-  Nghị quyết Đại hội Đảng bộ Agribank, định hướng chỉ đạo của Đảng ủy, Hội đồng thành viên, Tổng Giám đốc trong từng thời kỳ.","Chiến lược, định hướng phát triển, chương trình/kế hoạch hành động, 
đề án/phương án cơ cấu lại các tổ chức tín dụng và Agribank; các cơ chế, chính sách, chỉ đạo của Ngân hàng Nhà nước.","Phương án cơ cấu lại, Đề án chiến lược kinh doanh của Agribank.",,1," Khoản 1, Điều 4 Quy chế 928/QC-HĐTV-KHCL ngày 08/12/2023 của Hội đồng thành viên."
80,"Theo Quy chế số 928/QC- HĐTV-KHCL ngày 08/12/2023 của Hội đồng thành viên, căn cứ xây dựng kế hoạch kinh doanh đối với kế hoạch quý gồm những nội dung nào?","- Chỉ đạo của Hội đồng thành viên, Tổng Giám đốc về định hướng KHKD năm kế hoạch/kế hoạch năm của Agribank và đơn vị, chi nhánh đã được cấp có thẩm quyền phê duyệt;
- Tiến độ, kết quả thực hiện kế hoạch năm và quý trước liền kề quý kế hoạch; dự báo tình hình hoạt động kinh doanh quý kế hoạch và các yếu tố liên quan."," Tình hình thực hiện chỉ tiêu KHKD quý trước, 
dự báo  cơ hội, thách thức trong quý tiếp theo.",Kế hoạch năm được Tổng Giám đốc giao.,,1," Khoản 3, Điều 4 Quy chế 928/QC-HĐTV-KHCL ngày 08/12/2023 của Hội đồng thành viên."
81,"Theo Quy chế số 928/QC- HĐTV-KHCL ngày 08/12/2023 của Hội đồng thành viên, nội dung kế hoạch trung, dài hạn của chi nhánh bao gồm những chỉ tiêu nào?",Huy động vốn từ tổ chức kinh tế và dân cư; Dư nợ tín dụng; Tỷ lệ nợ xấu so với tổng nợ; Tỷ lệ nợ có khả năng mất vốn; Thu dịch vụ/Thu nhập từ hoạt động dịch vụ phi tín dụng; Thu nợ đã xử lý rủi ro; Chỉ tiêu tài chính; Các chỉ tiêu khác (nếu có).,"Huy động vốn từ tổ chức kinh tế và dân cư; Dư nợ tín dụng; Tỷ lệ nợ xấu so với tổng nợ; Tỷ lệ nợ có khả năng mất vốn; ; Thu nợ đã xử lý rủi ro; Chỉ tiêu tài chính.
","Nguồn vốn, dư nợ, tài chính.",,1,"Điểm c, Khoản 1 Điều 5 Quy chế 928/QC-HĐTV-KHCL ngày 08/12/2023 của Hội đồng thành viên."
82,"Theo Quy chế số 928/QC- HĐTV-KHCL ngày 08/12/2023 của Hội đồng thành viên, nội dung Đề án, phương án kinh doanh đối với các lĩnh vực kinh doanh cụ thể của Agribank như thế nào?","Thực hiện theo chỉ đạo của Hội đồng thành viên, Tổng Giám đốc","Thực hiện theo 
chỉ đạo của NHNN","Thực hiện theo 
chỉ đạo của Bộ Kế hoạch và Đầu tư",,1,"Điểm b, Khoản 1 Điều 5 Quy chế 928/QC-HĐTV-KHCL ngày 08/12/2023 của Hội đồng thành viên."
83,"Theo Quy chế số 928/QC- HĐTV-KHCL ngày 08/12/2023 của Hội đồng thành viên, trình tự xây dựng kế hoạch trung, dài hạn đối với đề án chiến lược, phương án cơ cấu lại, KHKD thuộc thẩm quyền phê duyệt của Ngân hàng Nhà nước thực hiện như thế nào?","Căn cứ chỉ đạo của Ngân hàng Nhà nước và Hội đồng thành viên, Tổng Giám đốc chỉ đạo xây dựng, trình Hội đồng thành viên trình Ngân hàng Nhà nước phê duyệt","Căn cứ chỉ đạo của 
Tổng Giám đốc","Căn cứ chỉ đạo của 
HĐTV",,1,"Điểm a, Khoản 1 Điều 6 Quy chế 928/QC-HĐTV-KHCL ngày 08/12/2023 của Hội đồng thành viên."
84,"Theo Quy chế số 928/QC- HĐTV-KHCL ngày 08/12/2023 của Hội đồng thành viên, trình tự xây dựng kế hoạch trung, dài hạn thuộc thẩm quyền phê duyệt của Hội đồng thành viên thực hiện như thế nào?","Căn cứ Nghị quyết, văn bản chỉ đạo của Hội đồng thành viên, Tổng Giám đốc chỉ đạo các đơn vị liên quan xây dựng, trình Hội đồng thành viên phê duyệt","Căn cứ đề xuất của các Ban/Trung tâm
liên quan tại TSC",Theo đề xuất của Ban Kế hoạch Chiến lược,,1,"Điểm b,  Khoản 1 Điều 6 Quy chế 928/QC-HĐTV-KHCL ngày 08/12/2023 của Hội đồng thành viên."
85,"Theo Quy chế số 928/QC- HĐTV-KHCL ngày 08/12/2023 của Hội đồng thành viên, việc giao và tổ chức thực hiện KHKD chính thức đối với kế hoạch trung, dài hạn toàn hệ thống thực hiện như thế nào?",Agribank trình NHNN phê duyệt,#NAME?,Tổng Giám đốc trình Hội đồng thành viên phê duyệt,,2,"Điểm a,  Khoản 1 Điều 7 Quy chế 928/QC-HĐTV-KHCL ngày 08/12/2023 của Hội đồng thành viên."
86,"Theo Quy chế số 928/QC- HĐTV-KHCL ngày 08/12/2023 của Hội đồng thành viên, trình tự phê duyệt và giao KHKD chính thức đối với kế hoạch trung, dài hạn của chi nhánh thực hiện như thế nào?"," - Giám đốc chi nhánh trình Tổng Giám đốc trình Hội đồng thành viên phê duyệt; trường hợp cần thiết, phải tổ chức bảo vệ kế hoạch trước khi trình theo chỉ đạo của Tổng Giám đốc.
- Căn cứ phê duyệt của Hội đồng thành viên và chỉ đạo của Tổng Giám đốc, Giám đốc chi nhánh có trách nhiệm triển khai thực hiện phù hợp với việc xây dựng, tổ chức thực hiện kế hoạch hàng năm
","Giám đốc chi nhánh trình HĐTV,
 trình Tổng Giám đốc",Ban Kế hoạch Chiến lược trình Tổng Giám đốc phê duyệt,,1,"Điểm b,  Khoản 1 Điều 7 Quy chế 928/QC-HĐTV-KHCL ngày 08/12/2023 của Hội đồng thành viên."
87,"Theo Quy chế số 928/QC- HĐTV-KHCL ngày 08/12/2023 của Hội đồng thành viên, thẩm quyền phê duyệt kết quả thực hiện kế hoạch năm đối với các đơn vị và chi nhánh là ai?","Tổng Giám đốc phê duyệt kết quả thực hiện  kế hoạch năm đối với các đơn vị, chi nhánh","Trưởng các đơn vị phê duyệt các chỉ tiêu theo chức năng, nhiệm vụ",Hội đồng thành viên,,1," Khoản 3, Điều 9 Quy chế 928/QC-HĐTV-KHCL ngày 08/12/2023 của Hội đồng thành viên."
88,"Theo Quy chế số 928/QC- HĐTV-KHCL ngày 08/12/2023 của Hội đồng thành viên, khi kết thúc kỳ kế hoạch, việc đánh giá thực hiện KHKD thực hiện như thế nào?","Tổng Giám đốc chỉ đạo các đơn vị liên quan tổng hợp,  đánh giá kết quả thực hiện các chỉ tiêu KHKD của các đơn vị, chi nhánh và toàn hệ thống để phục vụ công tác điều hành, đánh giá mức độ hoàn thành các chỉ tiêu kế hoạch và thực hiện công tác thi đua, khen thưởng theo quy định hiện hành",Hội đồng thành viên chỉ đạo các đơn vị đánh giá thực hiện KHKD,Ban Kế hoạch Chiến lược trình Tổng Giám đốc phê duyệt đánh giá thực hiện KHKD,,1, Khoản 2 Điều 9 Quy chế 928/QC-HĐTV-KHCL ngày 08/12/2023 của Hội đồng thành viên.
89,"Theo Quy chế số 928/QC- HĐTV-KHCL ngày 08/12/2023 của Hội đồng thành viên, trách nhiệm của các đơn vị và chi nhánh như thế nào trong việc xây dựng và tổ chức thực hiện KHKD?","- Xây dựng, tổ chức thực hiện KHKD theo đúng quy định của Hội đồng thành viên, Tổng Giám đốc và chỉ tiêu kế hoạch được giao.
- Tuân thủ nghiêm túc kỷ luật điều hành kế hoạch; chịu trách nhiệm đối với kết quả thực hiện các chỉ tiêu KHKD được giao.
- Thực hiện chế độ thông tin, báo cáo theo quy định; kịp thời phản ánh  những khó khăn, vướng mắc phát sinh, trình Tổng Giám đốc, Hội đồng thành viên xem xét giải quyết","Tuân thủ nghiêm túc kỷ luật điều hành kế hoạch; chịu trách nhiệm đối với kết quả thực hiện
 các chỉ tiêu KHKD được giao","Theo chỉ đạo của Hội đồng thành viên, Tổng Giám đốc",,1,  Điều 13 Quy chế 928/QC-HĐTV-KHCL ngày 08/12/2023 của Hội đồng thành viên.
90,Việc triển khai Quyết định số 195/QĐ-NHNN ngày 13/02/2023 của Ngân hàng Nhà nước được hướng dẫn tại văn bản nào?,Văn bản số 5416/NHNo-KHNV ngày 13/6/2018 của Tổng Giám đốc.,Văn bản số 3606/NHNo-KHCL ngày 13/04/2023 của Tổng Giám đốc.,Văn bản số 1985/NHNo-KHNV ngày 20/3/2014 của Tổng Giám đốc.,,2,Văn bản số 3606/NHNo-KHCL ngày 13/04/2023 của Tổng Giám đốc
91,"Theo văn bản số 3606/NHNo-KHCL ngày 13/4/2023 của Tổng Giám đốc về triển khai Quyết định số 195/QĐ-NHNN ngày 13/2/2023 của Ngân hàng Nhà nước, Ban Quản lý Tài sản Nợ - Tài sản Có đầu mối xây dựng các chỉ tiêu nào?"," Tiền gửi, tiền vay TCTD; Phát hành công cụ nợ; Tiền gửi, tiền vay NHNN và Chính phủ; Tiền mặt, giấy tờ có giá, kim loại quý, đá quý; Tiền gửi ở nước ngoài; Đầu tư chứng khoán",Nguồn vốn huy động từ các tổ chức kinh tế và dân cư,,,1,Văn bản số 3606/NHNo-KHCL ngày 13/04/2023 của Tổng Giám đốc
92,"Theo văn bản số 3606/NHNo-KHCL ngày 13/4/2023 của Tổng Giám đốc về triển khai Quyết định số 195/QĐ-NHNN ngày 13/2/2023 của Ngân hàng Nhà nước, đơn vị nào tại Trụ sở chính đầu mối xây dựng kế hoạch nguồn vốn huy động từ các tổ chức kinh tế và dân cư?",Ban Kế hoạch Chiến lược,Ban Quản lý Tài sản Nợ-Tài sản Có,Ban Đầu tư,,1,Văn bản số 3606/NHNo-KHCL ngày 13/04/2023 của Tổng Giám đốc
93,"Theo văn bản số 3606/NHNo-KHCL ngày 13/4/2023 của Tổng Giám đốc về triển khai Quyết định số 195/QĐ-NHNN ngày 13/2/2023 của Ngân hàng Nhà nước, đơn vị nào tại Trụ sở chính đầu mối xây dựng chỉ tiêu Tài sản cố định?",Ban Tài chính kế toán,Ban Đầu tư,Ban Quản lý đầu tư nội ngành,,3,Văn bản số 3606/NHNo-KHCL ngày 13/04/2023 của Tổng Giám đốc
94,"Theo văn bản số 3606/NHNo-KHCL ngày 13/4/2023 của Tổng Giám đốc về triển khai Quyết định số 195/QĐ-NHNN ngày 13/2/2023 của Ngân hàng Nhà nước, đơn vị nào tại Trụ sở chính đầu mối xây dựng chỉ tiêu Tổng tài sản, Lợi nhuận trước thuế, Vốn chủ sở hữu?",Ban Tài chính kế toán,Ban Kế hoạch Chiến lược,Ban Quản lý Tài sản Nợ-Tài sản Có,,1,Văn bản số 3606/NHNo-KHCL ngày 13/04/2023 của Tổng Giám đốc
95,Trụ sở chính quản lý hạn mức dư nợ trên hệ thống IPCAS theo văn bản số 2678/NHNo-KHTH ngày 07/06/2010 nhằm mục đích quản lý những nội dung nào ?,"Cho phép TSC quản lý và giám sát hạn mức dư nợ trên toàn hệ thống, khống chế được tình trạng tăng trưởng nóng tín dụng","Cho phép chi nhánh loại 1, loại 2 phân bổ chỉ tiêu kế hoạch và quản lý hạn mức dư nợ cho các chi nhánh trực thuộc",Cả 2 đáp án trên,,1,Phụ lục Văn bản số 2678/NHNo-KHTH ngày 07/06/2010 của Tổng Giám đốc.
96,"Theo Quy chế số 928/QC-HĐTV-KHCL ngày 08/12/2023 của Hội đồng thành viên, việc điều chỉnh KHKD đối với kế hoạch trung, dài hạn và các chỉ tiêu kế hoạch năm của Agribank do Ngân hàng Nhà nước giao được quy định như thế nào?",Tổng Giám đốc trình Hội đồng thành viên điều chỉnh kế hoạch đối với các trường hợp bất khả kháng hoặc khi có biến động lớn về điều kiện vĩ mô.,Tổng Giám đốc trình Hội đồng thành viên trình Ngân hàng Nhà nước điều chỉnh kế hoạch đối với các trường hợp bất khả kháng hoặc khi có biến động lớn về điều kiện vĩ mô làm ảnh hưởng đến các mục tiêu kinh doanh đề ra.,Hội đồng thành viên trình Ngân hàng Nhà nước điều chỉnh kế hoạch khi có biến động lớn về điều kiện vĩ mô làm ảnh hưởng đến các mục tiêu kinh doanh đề ra.,,2,Khoản 1 Điều 8 Quy chế số 928/QC-HĐTV-KHCL ngày 08/12/2023 của HĐTV.
97,"Theo Quy chế số 928/QC-HĐTV-KHCL ngày 08/12/2023 của Hội đồng thành viên, việc điều chỉnh KHKD đối với kế hoạch trung, dài hạn, các chỉ tiêu kế hoạch năm của Agribank và kế hoạch trung, dài hạn của chi nhánh do cấp thẩm quyền nào phê duyệt?",Hội đồng thành viên,Tổng Giám đốc,Ngân hàng Nhà nước,,1,Khoản 2 Điều 8 Quy chế số 928/QC-HĐTV-KHCL ngày 08/12/2023 của HĐTV.
98,"Theo Quy chế số 928/QC-HĐTV-KHCL ngày 08/12/2023 Hội đồng thành viên việc điều chỉnh KHKD đối với kế hoạch năm, quý của các đơn vị, chi nhánh do cấp thẩm quyền nào quyết định?",Hội đồng thành viên,Tổng Giám đốc,Ngân hàng Nhà nước,,2,Khoản 3 Điều 8 Quy chế số 928/QC-HĐTV-KHCL ngày 08/12/2023 của HĐTV.
99,"Theo Quy chế số 928/QC-HĐTV-KHCL ngày 08/12/2023 Hội đồng thành viên, việc đánh giá kết quả thực hiện kế hoạch năm, kế hoạch trung, dài hạn được quy định như thế nào?","Tổng Giám đốc phê duyệt kết quả thực hiện kế hoạch năm đối với các đơn vị, chi nhánh; báo cáo Hội đồng thành viên kết quả thực hiện kế hoạch trung, dài hạn của chi nhánh và kế hoạch năm, kế hoạch trung, dài hạn của toàn hệ thống Agribank.","Hội đồng thành viên phê duyệt kết quả thực hiện kế hoạch trung, dài hạn của chi nhánh và kế hoạch năm, kế hoạch trung, dài hạn của toàn hệ thống Agribank.",,,1,"Khoản 3 Điều 9 Quy chế số 928/QC-HĐTV-KHCL ngày 08/12/2023 của HĐTV
ngày 08/12/2023."
100,"Theo Quy chế số 928/QC-HĐTV-KHCL ngày 08/12/2023 Hội đồng thành viên, quyền, trách nhiệm của Hội đồng thành viên không bao gồm nội dung nào?","Định hướng kế hoạch năm
của Agribank; Phê duyệt, trình Ngân hàng Nhà nước phê duyệt/điều chỉnh kế hoạch năm của Agribank.","Giám sát việc thực hiện 
KHKD đã được Hội đồng thành viên, Ngân hàng Nhà nước phê duyệt. Báo cáo Ngân hàng Nhà nước kết quả thực hiện KHKD của Agribank theo quy định.","Quyết định khen thưởng, xem xét xử lý trách nhiệm đối với các đơn vị, cá nhân trong việc thực hiện KHKD theo đề nghị của Tổng Giám đốc. ","Ban hành quy định 
xây dựng, điều hành và tổ chức thực hiện KHKD đối với Agribank và các đơn vị, chi nhánh trong hệ thống, quy định về khen thưởng, xử lý vi phạm đối với các đơn vị, cá nhân, phù hợp với Quy chế này. ",4,"Điều 11 Quy chế số 928/QC-HĐTV-KHCL ngày 08/12/2023 của HĐTV
ngày 08/12/2023."
101,"Theo Quy chế số 928/QC-HĐTV-KHCL ngày 08/12/2023 Hội đồng thành viên, quyền, trách nhiệm của Tổng Giám đốc không bao gồm nội dung nào?","Trình Hội đồng thành viên
phê duyệt/điều chỉnh các chỉ tiêu kế hoạch, nhiệm vụ, giải pháp chủ yếu hàng năm của Agribank, trình Ngân hàng Nhà nước phê duyệt/điều chỉnh kế hoạch năm của Agribank theo quy định. ","Ban hành Quy định xây dựng, điều hành và tổ chức thực hiện KHKD đối với Agribank và các đơn vị, chi nhánh trong hệ thống, Quy định về khen thưởng, xử lý vi phạm đối với các đơn vị, cá nhân, phù hợp với Quy chế này. ","Quyết định khen thưởng, 
xem xét xử lý trách nhiệm đối với các đơn vị, cá nhân trong việc thực hiện KHKD trên cơ sở đề nghị của Tổng Giám đốc. ",,3,"Điều 12 Quy chế số 928/QC-HĐTV-KHCL ngày 08/12/2023 của HĐTV
ngày 08/12/2023."
102,"Theo Quy định số 3068/QyĐ-NHNo-KHCL ngày 12/12/2023 của Tổng Giám đốc, đơn vị đầu mối kế hoạch được hiểu như thế nào?","Là đơn vị được giao làm đầu mối xây dựng, triển khai KHKD chung/KHKD theo nghiệp vụ/lĩnh vực kinh doanh trong phạm vi toàn hệ thống hoặc khu vực theo chức năng, nhiệm vụ","Là đơn vị trình Tổng Giám đốc  giao, đánh giá kết quả thực hiện và các nội dung liên quan đến chỉ tiêu kế hoạch theo chức năng, nhiệm vụ",,,1,Khoản 4 Điều 2 Quy định 3068/QyĐ-NHNo-KHCL ngày 12/12/2023 của Tổng Giám đốc
103,"Theo Quy định số 3068/QyĐ-NHNo-KHCL ngày 12/12/2023 của Tổng Giám đốc, Ban Kế hoạch Chiến lược trực tiếp tham mưu về giao, quản lý các chỉ tiêu kế hoạch nào?","Chỉ tiêu nguồn vốn, thu dịch vụ. Tổng hợp đề xuất của các đơn vị, cân đối chung, trình Tổng Giám đốc giao các chỉ tiêu kế hoạch (nguồn vốn; dư nợ tín dụng; tỷ lệ nợ xấu, tỷ lệ nợ nhóm 2, tỷ lệ nợ có khả năng mất vốn; thu nợ đã XLRR; thu dịch vụ; chênh lệch thu – chi chưa lương và các chỉ tiêu khác theo quyết định của Tổng Giám đốc, nếu có).","Chỉ tiêu nguồn vốn, thu nợ XLRR.","Chỉ tiêu nguồn vốn,  dư nợ và các chỉ tiêu khác theo quyết định của Tổng Giám đốc, nếu có).",,1,"Tiết I, Khoản 2 Điều 3 Quy định 3068/QyĐ-NHNo-KHCL ngày 12/12/2023 của Tổng Giám đốc"
104,"Theo Quy định số 3068/QyĐ-NHNo-KHCL ngày 12/12/2023 của Tổng Giám đốc, KHKD trung, dài hạn bao gồm các nội dung nào?","Thực hiện theo chỉ đạo, 
hướng dẫn của NHNN, Hội đồng thành viên; Ban KHCL và/hoặc đơn vị đầu mối kế hoạch trình Tổng Giám đốc quyết định bổ sung các nội dung, chỉ tiêu kế hoạch phù hợp với yêu cầu hoạt động kinh doanh và tình hình thực tế trong từng thời kỳ.",Ban KHCL trình Tổng Giám đốc quyết định phù hợp với tình hình thực tế trong từng thời kỳ.,Tổng tài sản; Dư nợ tín dụng; Huy động vốn từ tổ chức kinh tế và dân cư ; Tỷ lệ nợ xấu; Tỷ lệ nợ có khả năng mất vốn. ,,1,Khoản 1 Điều 5 Quy định 3068/QyĐ-NHNo-KHCL ngày 12/12/2023 của Tổng Giám đốc
105,"Theo Quy định số 3068/QyĐ-NHNo-KHCL ngày 12/12/2023 của Tổng Giám đốc, trình tự xây dựng kế hoạch trung, dài hạn của Agribank thực hiện như thế nào?","Căn cứ chỉ đạo của NHNN, Hội đồng thành viên, Tổng Giám đốc, Ban KHCL hoặc đơn vị đầu mối kế hoạch phối hợp với các đơn vị liên quan xây dựng đề cương và văn bản hướng dẫn, kế hoạch triển khai, phân công nhiệm vụ chi tiết cho các đơn vị, trình Tổng Giám đốc phê duyệt.","Căn cứ văn bản hướng dẫn và đề cương được Tổng Giám đốc phê duyệt, các đơn vị liên quan dự thảo nội dung theo phân công, gửi Ban KHCL hoặc đơn vị đầu mối kế hoạch để tổng hợp, trình Tổng Giám đốc trình Hội đồng thành viên phê duyệt hoặc trình NHNN phê duyệt theo quy định.",Cả 2 đáp án trên,,3,Khoản 1 Điều 6 Quy định 3068/QyĐ-NHNo-KHCL ngày 12/12/2023 của Tổng Giám đốc
106,"Theo Quy định số 3068/QyĐ-NHNo-KHCL ngày 12/12/2023 của Tổng Giám đốc, trình tự xây dựng kế hoạch trung, dài hạn của chi nhánh thực hiện như thế nào?","Căn cứ Nghị quyết, văn bản chỉ đạo của Hội đồng thành viên, Tổng Giám đốc, Ban KHCL hoặc đơn vị đầu mối kế hoạch phối hợp với các đơn vị liên quan xây dựng đề cương và văn bản hướng dẫn, kế hoạch triển khai chi tiết, trình Tổng Giám đốc phê duyệt.","Giám đốc chi nhánh chỉ đạo xây dựng kế hoạch trung, dài hạn theo văn bản hướng dẫn và đề cương được Tổng Giám đốc phê duyệt, gửi Ban KHCL hoặc đơn vị đầu mối kế hoạch tổng hợp, trình Tổng Giám đốc trình Hội đồng thành viên phê duyệt.",Cả 2 đáp án trên,,3,Khoản 2 Điều 6 Quy định 3068/QyĐ-NHNo-KHCL ngày 12/12/2023 của Tổng Giám đốc
107,"Theo Quy định số 3068/QyĐ-NHNo-KHCL ngày 12/12/2023 của Tổng Giám đốc, các đơn vị phối hợp xây dựng kế hoạch/các chỉ tiêu kế hoạch năm của Agribank theo phân công gửi Ban KHCL tổng hợp chậm nhất vào ngày nào?",Chậm nhất ngày 02/01 hàng năm,Trước ngày 05/01 năm kế hoạch,Chậm nhất ngày 08/01 năm kế hoạch,,3,Tiết a Khoản 3 Điều 7 Quy định 3068/QyĐ-NHNo-KHCL ngày 12/12/2023 của Tổng Giám đốc
108,"Theo Quy định số 3068/QyĐ-NHNo-KHCL ngày 12/12/2023 của Tổng Giám đốc, việc giao kế hoạch quý đối với chi nhánh hoặc đơn vị (nếu có) khi Tổng Giám đốc chưa giao KH năm được  quy định như thế nào?","Ban KHCL phối hợp với các đơn vị liên quan đề xuất, trình Tổng Giám đốc giao kế hoạch quý phù hợp để đáp ứng yêu cầu hoạt động kinh doanh của chi nhánh và toàn hệ thống.",Giao theo đăng ký của chi nhánh và đơn vị.,,,1,Khoản 6 Điều 11 Quy định 3068/QyĐ-NHNo-KHCL ngày 12/12/2023 của Tổng Giám đốc
109,"Theo Quy định số 3068/QyĐ-NHNo-KHCL ngày 12/12/2023 của Tổng Giám đốc, trong thời gian Tổng Giám đốc chưa giao kế hoạch quý, việc thực hiện kế hoạch quý tiếp theo được quy định như thế nào?","Trong thời gian Tổng Giám đốc chưa giao kế hoạch quý, Chi nhánh và các đơn vị (nếu có) được thực hiện theo chỉ tiêu kế hoạch quý trước liền kề (bao gồm chỉ tiêu điều chỉnh còn hiệu lực, nếu có).
Trường hợp cần thiết, Ban KHCL, đơn vị, chi nhánh trình Tổng Giám đốc tạm ứng kế hoạch quý để đáp ứng yêu cầu kinh doanh (qua Ban KHCL). Chỉ tiêu tạm ứng được tính vào chỉ tiêu kế hoạch quý hiện hành khi Tổng Giám đốc thông báo kế hoạch quý chính thức.","Ban KHCL trình Tổng Giám đốc chủ động điều hành KHKD thông qua giao kế hoạch định hướng năm, kế hoạch quý đối với các chi nhánh và đơn vị (nếu có), phù hợp với định hướng chỉ đạo của NHNN, Hội đồng thành viên để đáp ứng yêu cầu hoạt động kinh doanh.",,,1,Khoản 5 Điều 11 Quy định 3068/QyĐ-NHNo-KHCL ngày 12/12/2023 của Tổng Giám đốc
110,"Theo Quy định số 3068/QyĐ-NHNo-KHCL ngày 12/12/2023 của Tổng Giám đốc, việc tổ chức thực hiện kế hoạch trung, dài hạn được quy định như thế nào?","Căn cứ phê duyệt của cấp có thẩm quyền, Ban KHCL hoặc đơn vị đầu mối kế hoạch trình Tổng Giám đốc ban hành văn bản thông báo, chỉ đạo các đơn vị liên quan tại Trụ sở chính và/hoặc các chi nhánh triển khai thực hiện kế hoạch trung, dài hạn đã được phê duyệt.","Trưởng các đơn vị và/hoặc 
chi nhánh chịu trách nhiệm triển khai thực hiện kế hoạch trung, dài hạn theo văn bản thông báo, chỉ đạo của Tổng Giám đốc.",Cả 2 đáp án trên.,,3,Điều 9 Quy định 3068/QyĐ-NHNo-KHCL ngày 12/12/2023 của Tổng Giám đốc
111,"Theo Quy định số 3068/QyĐ-NHNo-KHCL ngày 12/12/2023 của Tổng Giám đốc, việc điều chỉnh kế hoạch năm của Agribank do NHNN giao được quy định như thế nào? ","Ban KHCL hoặc đơn vị đầu mối kế hoạch phối hợp với các đơn vị liên quan tại Trụ sở chính rà soát, đánh giá các yếu tố bất khả kháng, biến động kinh tế vĩ mô và các yếu tố tác động phát sinh làm ảnh hưởng đến các mục tiêu kinh doanh đề ra, đề xuất Tổng Giám đốc trình Hội đồng thành viên trình NHNN điều chỉnh kế hoạch.",Tổng Giám đốc trình Hội đồng thành viên trình Ngân hàng Nhà nước điều chỉnh kế hoạch đối với các trường hợp bất khả kháng hoặc khi có biến động lớn về điều kiện vĩ mô làm ảnh hưởng đến các mục tiêu kinh doanh đề ra.,,,1,Khoản 1 Điều 14 Quy định 3068/QyĐ-NHNo-KHCL ngày 12/12/2023 của Tổng Giám đốc
112,"Theo Quy định số 3068/QyĐ-NHNo-KHCL ngày 12/12/2023 của Tổng Giám đốc, việc điều chỉnh kế hoạch quý trong trường hợp chi nhánh hoặc đơn vị (nếu có) chưa được Tổng Giám đốc giao kế hoạch kinh doanh năm được quy định như thế nào?","Ban KHCL phối hợp với các đơn vị liên quan tại Trụ sở chính đề xuất, trình Tổng Giám đốc điều chỉnh kế hoạch quý phù hợp để đáp ứng yêu cầu hoạt động kinh doanh.","Căn cứ đề nghị điều chỉnh kế hoạch quý của các đơn vị, chi nhánh, Ban KHCL tổng hợp, trình Tổng Giám đốc xem xét phê duyệt.",Không được điều chỉnh.,,1,Khoản 3 Điều 15 Quy định 3068/QyĐ-NHNo-KHCL ngày 12/12/2023 của Tổng Giám đốc
113,"Theo Quy định số 3068/QyĐ-NHNo-KHCL ngày 12/12/2023 của Tổng Giám đốc, việc điều chỉnh kế hoạch năm của Agribank thuộc thẩm quyền phê duyệt của Hội đồng thành viên được quy định như thế nào?","Ban KHCL hoặc đơn vị đầu mối kế hoạch phối hợp với các đơn vị liên quan tại Trụ sở chính rà soát, đánh giá sự khác biệt giữa các chỉ tiêu trình và chỉ tiêu kế hoạch được NHNN phê duyệt, điều chỉnh đối với Agribank hoặc các nguyên nhân khách quan khác, trình Tổng Giám đốc trình Hội đồng thành viên xem xét điều chỉnh.",Ban KHCL hoặc đơn vị đầu mối kế hoạch phối hợp với các đơn vị liên quan tại Trụ sở chính trình Tổng Giám đốc trình Hội đồng thành viên xem xét điều chỉnh.,Không được điều chỉnh.,,1,Khoản 2 Điều 14 Quy định 3068/QyĐ-NHNo-KHCL ngày 12/12/2023 của Tổng Giám đốc
114,"Theo Quy định số 3068/QyĐ-NHNo-KHCL ngày 12/12/2023 của Tổng Giám đốc, đơn vị nào đầu mối trình Tổng Giám đốc phê duyệt kết quả thực hiện, đánh giá mức độ hoàn thành chỉ tiêu KHKD năm, kế hoạch trung,dài hạn đối với các chi nhánh, đơn vị và toàn hệ thống?",Ban Kế hoạch Chiến lược,"Các đơn vị đầu mối 
kế hoạch.","Ban Kế hoạch Chiến 
lược và các đơn vị đầu mối kế hoạch phối hợp với các đơn vị liên quan tại Trụ sở chính tổng hợp, trình Tổng Giám đốc phê duyệt kết quả thực hiện, đánh giá mức độ hoàn thành kế hoạch năm đối với các chi nhánh, đơn vị; trình Tổng Giám đốc báo cáo Hội đồng thành viên kết quả thực hiện KH trung, dài hạn của chi nhánh và kế hoạch năm, kế hoạch trung, dài hạn của toàn hệ thống Agribank.",,3,"Khoản 4, Điều 16 Quy định 3068/QyĐ-NHNo-KHCL ngày 12/12/2023 của Tổng Giám đốc"
115,"Theo Quy định số 3068/QyĐ-NHNo-KHCL ngày 12/12/2023 của Tổng Giám đốc, các đơn vị đầu mối kế hoạch thường xuyên theo dõi, cập nhật thông tin báo cáo từ nguồn nào? ",IPCAS,Số liệu từ bộ phận thống kê báo cáo thuộc Ban KHCL,Các hệ thống thông tin báo cáo của Agribank,Cả 3 đáp án trên,4,Khoản 2 Điều 17 Quy định 3068/QyĐ-NHNo-KHCL ngày 12/12/2023 của Tổng Giám đốc
116,"Theo Quy định số 3068/QyĐ-NHNo-KHCL ngày 12/12/2023 của Tổng Giám đốc, quyền, trách nhiệm của Hội đồng thành viên được quy định tại điều nào?",Điều 19,Điều 20,Không quy định,,3,Quy định 3068/QyĐ-NHNo-KHCL ngày 12/12/2023 của Tổng Giám đốc
117,"Theo Quy định số 3068/QyĐ-NHNo-KHCL ngày 12/12/2023 của Tổng Giám đốc, trách nhiệm của Ban Kế hoạch Chiến lược không bao gồm nội dung nào?","Tham mưu, đề xuất Hội đồng thành viên, Tổng Giám đốc ban hành, sửa đổi bổ sung và tổ chức triển khai thực hiện Quy chế, Quy định xây dựng và tổ chức thực hiện kế hoạch kinh doanh.","Đầu mối trình Tổng Giám đốc trình Hội đồng thành viên phê duyệt kế hoạch trung, dài hạn của các chi nhánh; trình Tổng Giám đốc triển khai thực hiện kế hoạch trung, dài hạnh và kế hoạch năm được NHNN, Hội đồng thành viên phê duyệt.","Tham mưu, đề xuất Hội 
đồng thành viên, Tổng Giám đốc ban hành, sửa đổi bổ sung và tổ chức triển khai thực hiện Quy chế, Quy định về Quản lý vốn nội bộ trong hệ thống.",,3,Khoản 1 Điều 19 Quy định 3068/QyĐ-NHNo-KHCL ngày 12/12/2023 của Tổng Giám đốc
118,"Theo Quy định số 3068/QyĐ-NHNo-KHCL ngày 12/12/2023 của Tổng Giám đốc, trách nhiệm của Ban Quản lý Tài sản Nợ - Tài sản Có không bao gồm nội dung nào?","Tham mưu, đề xuất Hội đồng thành viên, Tổng Giám đốc ban hành, sửa đổi bổ sung và tổ chức triển khai thực hiện Quy chế, Quy định xây dựng và tổ chức thực hiện kế hoạch kinh doanh.","Tham mưu, đề xuất Hội đồng thành viên, Tổng Giám đốc ban hành, sửa đổi bổ sung và tổ chức triển khai thực hiện Quy chế, Quy định về Quản lý vốn nội bộ trong hệ thống.","Đề xuất, xử lý vi phạm liên quan đế quản lý vốn trong hệ thống.",,1,Khoản 2 Điều 19 Quy định 3068/QyĐ-NHNo-KHCL ngày 12/12/2023 của Tổng Giám đốc
119,"Theo Quy định số 3068/QyĐ-NHNo-KHCL ngày 12/12/2023 của Tổng Giám đốc, trách nhiệm của Hội đồng ALCO được quy định như thế nào?","Điều hành cân đối vốn, tuân thủ các tỷ lệ bảo đảm an toàn hoạt động theo quy định của NHNN.",Thực hiện theo Quy chế số 177/QĐ-NHNo-TCTL ngày 28/01/2019 của Tổng Giám đốc về tổ chức và hoạt động của Hội đồng quản lý Tài sản/Nợ phải trả Agribank.,,,2,Khoản 11 Điều 19 Quy định 3068/QyĐ-NHNo-KHCL ngày 12/12/2023 của Tổng Giám đốc
120,"Theo Quy định số 3068/QyĐ-NHNo-KHCL ngày 12/12/2023 của Tổng Giám đốc, đơn vị nào được giao phối hợp với Ban ALCO giao kế hoạch cho TT KDVTT?",Ban Kế hoạch Chiến lược,Ban Tài chính Kế toán,Hội đồng ALCO,,2,Khoản 6 Điều 19 Quy định 3068/QyĐ-NHNo-KHCL ngày 12/12/2023 của Tổng Giám đốc
121,"Theo Quy định số 3068/QyĐ-NHNo-KHCL ngày 12/12/2023 của Tổng Giám đốc, trách nhiệm của các Văn phòng đại diện được quy định như thế nào?","Thực hiện kiểm tra, giám sát, theo dõi, đánh giá tình hình thực hiện KHKD của các chi nhánh trong khu vực thuộc phạm vi quản lý.","Tổng hợp khó khăn, vướng mắc của các chi nhánh trong khu vực đối với việc thực hiện kế hoạch được giao; tham mưu, đề xuất Tổng Giám đốc, Hội đồng thành viên triển khai các giải pháp điều hành hoặc ban hành, sửa đổi, bổ sung các cơ chế, quy trình nghiệp vụ phù hợp với quy định của pháp luật và điều kiện kinh tế - xã hội tại địa phương nhằm hoàn thành tốt kế hoạch được giao.",Cả 2 đáp án trên.,,3,Khoản 12 Điều 19 Quy định 3068/QyĐ-NHNo-KHCL ngày 12/12/2023 của Tổng Giám đốc
122,"Theo quy định 3068/QyĐ-NHNo-KHCL ngày 12/12/2023 của Tổng Giám đốc, các biện pháp xử lý trong trường hợp đơn vị, chi nhánh vượt kế hoạch dư nợ.","Ban KHCL trình Tổng Giám đốc ban hành văn bản yêu cầu đơn vị, chi nhánh giảm dư nợ hoặc có biện pháp xử lý để tuân thủ kế hoạch được giao.",Xử lý về tài chính: Ban ALCO xem xét trình Tổng Giám đốc thu phí  phù hợp đối với dư nợ vượt kế hoạch.,"Xử lý về hành chính: Ban TCNS đầu mối phối hợp các đơn vị liên quan xem xét đề xuất xử lý hành chính đối với người đứng đầu chi nhánh, đơn vị và cá nhân có liên quan theo Nội quy lao động hiện hành của Agribank.",Cả 3 đáp án trên.,4,Khoản 2 Điều 18 Quy định 3068/QyĐ-NHNo-KHCL ngày 12/12/2023 của Tổng Giám đốc
123,"Theo quy định 3068/QyĐ-NHNo-KHCL ngày 12/12/2023 của Tổng Giám đốc, đâu là các biện pháp xử lý trong trường hợp đơn vị, chi nhánh vi phạm về cân đối vốn?","Ban ALCO trình Tổng Giám đốc ban hành văn bản yêu cầu đơn vị, chi nhánh có biện pháp khắc phục để tuân thủ kế hoạch giao.",Xử lý về tài chính: Ban ALCO xem xét trình Tổng Giám đốc thu phí  phù hợp đối với phần vi phạm kế hoạch cân đối vốn.,"Xử lý về hành chính: Ban TCNS đầu mối phối hợp các đơn vị liên quan xem xét đề xuất xử lý hành chính đối với người đứng đầu chi nhánh, đơn vị và cá nhân có liên quan theo Nội quy lao động của Agribank.",Cả 3 đáp án trên.,4,Khoản 2 Điều 18 Quy định 3068/QyĐ-NHNo-KHCL ngày 12/12/2023 của Tổng Giám đốc
124,"Căn cứ xây dựng KHKD trung, dài hạn bao gồm những nội dung nào theo Quy chế số 928/QC- HĐTV-KHCL ngày 08/12/2023 của Hội đồng thành viên?","Chiến lược, quy hoạch, kế hoạch phát triển kinh tế - xã hội của Đảng, Chính phủ, Quốc hội;
","Chiến lược, định hướng phát triển, chương trình/kế hoạch hành động, đề án/phương án cơ cấu lại các tổ chức tín dụng và Agribank; các cơ chế, chính sách, chỉ đạo của Ngân hàng Nhà nước.","Nghị quyết Đại hội Đảng bộ Agribank, định hướng chỉ đạo của Đảng ủy, hội đồng thành viên, Tổng Giám đốc trong từng thời kỳ.",Cả 3 đáp án trên.,4," Khoản 1, Điều 4 Quy chế 928/QC-HĐTV-KHCL ngày 08/12/2023 của Hội đồng thành viên."
125,Căn cứ xây dựng kế hoạch quý gồm những nội dung nào theo Quy chế số 928/QC- HĐTV-KHCL ngày 08/12/2023 của Hội đồng thành viên?,"Chỉ đạo của Hội đồng thành viên, Tổng Giám đốc về định hướng KHKD năm kế hoạch/kế hoạch năm của Agribank và đơn vị, chi nhánh đã được cấp có thẩm quyền phê duyệt;","Tiến độ, kết quả thực hiện kế hoạch năm và quý trước liền kề quý kế hoạch; dự báo tình hình hoạt động kinh doanh quý kế hoạch và các yếu tố liên quan.",Tất cả các đáp án trên,,3," Khoản 3, Điều 4 Quy chế 928/QC-HĐTV-KHCL ngày 08/12/2023 của Hội đồng thành viên."
126,"Việc giao và tổ chức thực hiện KHKD chính thức đối với kế hoạch trung, dài hạn toàn hệ thống thực hiện như thế nào theo Quy chế số 928/QC- HĐTV-KHCL ngày 08/12/2023 của Hội đồng thành viên,?",Tổng Giám đốc trình hội đồng thành viên phê duyệt theo thẩm quyền hoặc trình Ngân hàng Nhà nước phê duyệt theo quy định.,"Căn cứ phê duyệt của cấp có thẩm quyền, Hội đồng thành viên, Tổng Giám đốc chỉ đạo các đơn vị liên quan triển khai thực hiện phù hợp với việc xây dựng và tổ chức thực hiện kế hoạch hàng năm.",Tất cả các đáp án trên,,3,"Điểm a,  Khoản 1 Điều 7 Quy chế 928/QC-HĐTV-KHCL ngày 08/12/2023 của Hội đồng thành viên."
127,"Trình tự phê duyệt và giao KHKD chính thức đối với kế hoạch trung, dài hạn của chi nhánh thực hiện như thế nào theo Quy chế số 928/QC- HĐTV-KHCL ngày 08/12/2023 của Hội đồng thành viên?","Giám đốc chi nhánh trình Tổng Giám đốc trình Hội đồng thành viên phê duyệt; trường hợp cần thiết, phải tổ chức bảo vệ kế hoạch trước khi trình theo chỉ đạo của Tổng Giám đốc.","Căn cứ phê duyệt của Hội đồng thành viên và chỉ đạo của Tổng Giám đốc, Giám đốc chi nhánh có trách nhiệm triển khai thực hiện phù hợp với việc xây dựng, tổ chức thực hiện kế hoạch hàng năm. 
",Tất cả các đáp án trên,,3,"Điểm b,  Khoản 1 Điều 7 Quy chế 928/QC-HĐTV-KHCL ngày 08/12/2023 của Hội đồng thành viên."
128,"Đơn vị nào có trách nhiệm đầu mối về kỹ thuật, phối hợp với các đơn vị xây dựng và phát triển phần mềm ứng dụng để theo dõi, quản lý các chỉ tiêu kế hoạch kinh doanh được NHNN, Hội đồng thành viên, Tổng Giám đốc giao theo Quy định số 3068/QyĐ-NHNo-KHCL ngày 12/12/2023 của Tổng Giám đốc.",Trung tâm Công nghệ thông tin,Ban Công nghệ,Ban Ngân hàng số,,1,Khoản 10 Điều 19 Quy định 3068/QyĐ-NHNo-KHCL ngày 12/12/2023 của Tổng Giám đốc
129,"Theo Quy định số 3068/QyĐ - NHNo- KHCL ngày 12/12/2023 của Tổng Giám đốc, việc đôn đốc, kiểm tra, giám sát thực hiện KHKD được quy định như thế nào?","Các đơn vị thường xuyên 
theo dõi, đánh giá tình hình thực hiện KHKD của toàn hệ thống theo chức năng, nhiệm vụ; đôn đốc, giám sát, đánh giá tình hình thực hiện KHKD đã phê duyệt, giao cho các đơn vị và các chi nhánh; đề xuất Tổng Giám đốc tổ chức kiểm tra, giám sát, đôn đốc thực hiện KHKD đối với các đơn vị, chi nhánh (trường hợp cần thiết). ","Các Văn phòng đại diện 
khu vực phối hợp với các đơn vị liên quan tại Trụ sở chính theo dõi, đôn đốc, kiểm tra, giám sát tình hình thực hiện KHKD của các chi nhánh được giao quản lý trong khu vực.","Các chi nhánh và đơn vị được giao KHKD có trách nhiệm thường xuyên theo dõi, tự đánh giá tình hình thực hiện KHKD của đơn vị mình; đôn đốc, giám sát, đánh giá tình hình thực hiện KHKD đã phê duyệt, giao cho các cá nhân, chi nhánh được giao quản lý và đơn vị trực thuộc; tổ chức kiểm tra việc thực hiện KHKD đối với các đơn vị trực thuộc (trường hợp cần thiết).",Cả 3 đáp án trên,4,Điều 12 Quy định 3068/QyĐ-NHNo-KHCL ngày 12/12/2023 của Tổng Giám đốc
130,"Đơn vị nào đầu mối trình Tổng Giám đốc phê duyệt kết quả thực hiện, đánh giá mức độ hoàn thành kế hoạch năm đối với các chi nhánh, đơn vị theo Quy định số 3068/QyĐ-NHNo-KHCL ngày 12/12/2023 của Tổng Giám đốc?",Ban Kế hoạch Chiến lược.,"Ban Kế hoạch Chiến lược và các đơn vị đầu mối kế hoạch phối hợp với các đơn vị liên quan tại Trụ sở chính tổng hợp, trình Tổng Giám đốc phê duyệt.",Các đơn vị đầu mối kế hoạch.,,2,"Khoản 4, Điều 16 Quy định 3068/QyĐ-NHNo-KHCL ngày 12/12/2023 của Tổng Giám đốc"
131,"Theo Quy định số 3068/QyĐ-NHNo-KHCL ngày 12/12/2023 của Tổng Giám đốc, trách nhiệm của Ban Khách hàng Doanh nghiệp bao gồm nội dung nào?","Phối hợp đề xuất giao/
điều chỉnh các chỉ tiêu kế hoạch năm đối với đối tượng khách hàng doanh nghiệp toàn hệ thống, bao gồm tổng chỉ tiêu kế hoạch giao cho các chi nhánh và chỉ tiêu tại Trụ sở chính (cân đối 1000).","Chịu trách nhiệm theo dõi, quản lý, đánh giá tình hình thực hiện, đề xuất xử lý vi phạm chỉ tiêu kế hoạch đối với đối tượng khách hàng doanh nghiệp toàn hệ thống. ","Thực hiện các nhiệm vụ khác liên quan đến xây dựng và tổ chức thực hiện kế hoạch kinh doanh trong hệ thống Agribank được Hội đồng thành viên, Tổng Giám đốc giao.",Cả 3 đáp án trên,4,Khoản 7 Điều 19 Quy định 3068/QyĐ-NHNo-KHCL ngày 12/12/2023 của Tổng Giám đốc
132,"Theo Quy định số 3068/QyĐ-NHNo-KHCL ngày 12/12/2023 của Tổng Giám đốc, trách nhiệm của Ban Khách hàng Cá nhân bao gồm nội dung nào?","Phối hợp đề xuất giao/
điều chỉnh các chỉ tiêu kế hoạch năm đối với đối tượng khách hàng cá nhân toàn hệ thống, bao gồm tổng chỉ tiêu kế hoạch giao cho các chi nhánh và chỉ tiêu tại Trụ sở chính (cân đối 1000). ","Chịu trách nhiệm theo dõi, quản lý, đánh giá tình hình thực hiện, đề xuất xử lý vi phạm chỉ tiêu kế hoạch đối với đối tượng khách hàng cá nhân toàn hệ thống. ","Thực hiện các nhiệm vụ khác liên quan đến xây dựng và tổ chức thực hiện KHKD trong hệ thống Agribank được Hội đồng thành viên, Tổng Giám đốc giao.",Cả 3 đáp án trên,4,Khoản 8 Điều 19 Quy định 3068/QyĐ-NHNo-KHCL ngày 12/12/2023 của Tổng Giám đốc
133,Sản phẩm nào sau đây thuộc nhóm Thanh toán trong nước?,Tiết kiệm an sinh.,Tiền gửi trực tuyến.,"Dịch vụ gửi, rút tiền nhiều nơi.",,3,Nhóm Thanh toán trong nước - Mô tả SPDV 2021 (Văn bản 1894/NHNo-NCPT ngày 05/3/2021).
134,Sản phẩm nào sau đây không thuộc nhóm Thanh toán trong nước?,Tiền gửi trực tuyến.,Thu ngân sách Nhà nước.,"Dịch vụ gửi, rút tiền nhiều nơi.",,1,Nhóm Thanh toán trong nước - Mô tả SPDV 2021 (Văn bản 1894/NHNo-NCPT ngày 05/3/2021).
135,Khách hàng có thể nhận tiền kiều hối qua hình thức nào sau đây?,Qua Western Union.,Qua thỏa thuận liên kết với đối tác tại thị trường châu Mỹ.,Qua thỏa thuận liên kết với đối tác tại thị trường châu Phi.,,1,Mô tả SPDV 2021 ban hành theo văn bản số 1894/NHNo-NCPT ngày 05/3/2021 của TGĐ.
136,Kế hoạch thu dịch vụ đối với chi nhánh được giao định kỳ thế nào?,Hàng năm,Hàng quý,Hàng tháng,,1,Căn cứ Điều 5 Quy định 3068/QyĐ-NHNo-KHCL ngày 12/12/2022
137,Hiện tại Agribank có thanh toán biên giới với các nước nào sau đây?,Lào,Nhật Bản,Malaysia,,1,"Mô tả SPDV 2021 ban hành theo văn bản số 1894/ 
NHNo -NCPT ngày 05/3/2021 của TGĐ."
138,"Đơn vị nào tại TSC theo dõi, đánh giá Nhóm Dịch vụ Ngân quỹ?",Ban Tài chính Kế toán,Ban Khách hàng Cá nhân,,,1,"Theo quy định, chức năng nhiệm vụ của các đơn vị được Chủ tịch Hội đồng thành viên giao."
139,"Đơn vị nào tại TSC đầu mối theo dõi, đánh giá tình hình thực hiện  chỉ tiêu kế hoạch  thu dịch vụ ? ",Ban Kế hoạch Chiến lược ,Ban Tài chính Kế toán ,Ban Khách hàng Doanh nghiệp,Ban Khách hàng Cá nhân,1,"Theo quy định, chức năng nhiệm vụ của các đơn vị được Chủ tịch Hội đồng thành viên giao."
140,"Đơn vị nào tại TSC theo dõi, đánh giá Nhóm dịch vụ Bảo lãnh từ khách hàng doanh nghiệp?",Ban Khách hàng doanh nghiệp,Ban Chính sách tín dụng,Ban Tài chính Kế toán ,Ban Kế hoạch Chiến lược ,1,"Theo quy định, chức năng nhiệm vụ của các đơn vị được Chủ tịch Hội đồng thành viên giao."
141,"Đơn vị nào tại TSC theo dõi, đánh giá Nhóm dịch vụ Ủy thác đại lý?",Ban Khách hàng Cá nhân,Ban Chính sách tín dụng,Ban Kế hoạch Chiến lược ,,1,"Theo quy định, chức năng nhiệm vụ của các đơn vị được Chủ tịch Hội đồng thành viên giao."
142,"Đơn vị nào tại TSC theo dõi, đánh giá Nhóm thanh toán trong nước?",Ban Tài chính Kế toán ,Trung tâm thanh toán,Ban Khách hàng Cá nhân,Ban Khách hàng doanh nghiệp,2,"Theo quy định, chức năng nhiệm vụ của các đơn vị được Chủ tịch Hội đồng thành viên giao."
143,"Đơn vị nào tại TSC theo dõi, đánh giá nhóm dịch vụ Thẻ và phát hành thẻ?",Ban Tài chính Kế toán ,Trung tâm thanh toán,Trung tâm Thẻ,Ban Khách hàng Cá nhân,3,"Theo quy định, chức năng nhiệm vụ của các đơn vị được Chủ tịch Hội đồng thành viên giao."
144,"Đơn vị nào tại TSC theo dõi, đánh giá nhóm thu ròng kinh doanh ngoại hối?",Ban Tài chính Kế toán ,Trung tâm kinh doanh vốn  và tiền tệ,Ban Khách hàng Cá nhân,Ban Khách hàng doanh nghiệp,2,"Theo quy định, chức năng nhiệm vụ của các đơn vị được Chủ tịch Hội đồng thành viên giao."
145,"Đơn vị nào tại TSC theo dõi, đánh giá nhóm dịch vụ Kiều hối?",Ban Tài chính Kế toán ,Trung tâm kinh doanh vốn  và tiền tệ,Trung tâm dịch vụ thanh toán và Kiều hối,Ban Khách hàng doanh nghiệp,3,"Theo quy định, chức năng nhiệm vụ của các đơn vị được Chủ tịch Hội đồng thành viên giao."
146,"Theo Phương án cơ cấu lại Agribank gắn với xử lý nợ xấu giai đoạn 2021-2025, phấn đấu tỷ trọng hoạt động dịch vụ phi tín dụng trong tổng thu nhập đến cuối năm 2025 là bao nhiêu?",16-17%,10-12%,,,1,Phương án cơ cấu lại Agribank gắn với xử lý nợ xấu giai đoạn 2021-2025
147,Theo Nghị quyết Đại hội Đảng bộ NHNo & PTNT Việt Nam lần thứ X nhiệm kỳ 2020-2025 ngày 17/8/2020 tỷ lệ tăng trưởng bình quân thu dịch vụ  giai đoạn 2020-2025 là bao nhiêu?,15-17%,10-12%,,,1,Nghị quyết Đại hội Đảng bộ NHNo & PTNT Việt Nam lần thứ X nhiệm kỳ 2020-2025 ngày 17/8/2020
148,Doanh thu phí từ các tổ chức thẻ quốc tế thuộc nhóm thu dịch vụ nào?,Nhóm dịch vụ thẻ,Nhóm E-Banking,,,1,Theo Phụ lục 01 Văn bản 4926/NHNo-KHCN ngày 08/5/2023 của Tổng Giám đốc
149,"Doanh thu phí từ xử lý giao dịch, phí khác về dịch vụ Mobile Banking thuộc nhóm thu dịch vụ nào?",Nhóm E-Banking,Nhóm ủy thác và đại lý,,,1,Theo Phụ lục 01 Văn bản 4926/NHNo-KHCN ngày 08/5/2023 của Tổng Giám đốc
150,Doanh thu phí từ nghiệp vụ bảo lãnh vay vốn thuộc nhóm thu dịch vụ nào?,"Nhóm thu từ nghiệp 
vụ bảo lãnh",Nhóm dịch vụ thẻ,,,1,Theo Phụ lục 01 Văn bản 4926/NHNo-KHCN ngày 08/5/2023 của Tổng Giám đốc
151,Doanh thu từ nghiệp vụ bảo lãnh thanh toán thuộc nhóm thu dịch vụ nào?,"Nhóm thu từ nghiệp 
vụ bảo lãnh",Nhóm dịch vụ thẻ,,,1,Theo Phụ lục 01 Văn bản 4926/NHNo-KHCN ngày 08/5/2023 của Tổng Giám đốc
152,Danh mục nhóm bảo hiểm tài sản và thiệt hại của ABIC phân phối qua Agribank gồm,Bảo hiểm tiền,Bảo hiểm máy móc thiết bị chủ thầu,Bảo hiểm nhà tư nhân,Tất cả các đáp án trên,4, Phụ lục 01 Danh mục sản phẩm BH của ABIC phân phối qua Agribank (Đính kèm Hợp đồng đại lý Bảo hiểm số 68/ĐLBH/ABIC-AGRIBANK ngày 06/12/2023
153,Danh mục nhóm bảo hiểm cháy nổ của ABIC phân phối qua Agribank gồm,Bảo hiểm cháy nổ bắt buộc,Bảo hiểm hỏa hoạn và các rủi ro đặc biệt,Bảo hiểm gián đoạn kinh doanh,Tất cả các đáp án trên,4, Phụ lục 01 Danh mục sản phẩm BH của ABIC phân phối qua Agribank (Đính kèm Hợp đồng đại lý Bảo hiểm số 68/ĐLBH/ABIC-AGRIBANK ngày 06/12/2023
154,Danh mục nhóm bảo hiểm nông nghiệp của ABIC phân phối qua Agribank gồm,"Bảo hiểm vật nuôi, bảo hiểm trâu bò","Bảo hiểm cây trồng, bảo hiểm cây cao su",Tất cả các đáp án trên,,3, Phụ lục 01 Danh mục sản phẩm BH của ABIC phân phối qua Agribank (Đính kèm Hợp đồng đại lý Bảo hiểm số 68/ĐLBH/ABIC-AGRIBANK ngày 06/12/2023
155,"Nhóm thanh toán trong nước có phải do Trung tâm tài trợ thương mại theo dõi, đánh giá?",Không. Nhóm thu trên thuộc Trung tâm Thanh toán phụ trách đánh giá Nhóm Thanh toán trong nước ,Có,,,1,"Theo quy định, chức năng nhiệm vụ của các đơn vị và Văn bản Thông báo giao chỉ tiêu KH năm của Tổng Giám đốc"
156,"Nhóm thanh toán trong nước có phải do Trung tâm kinh doanh vốn và tiền tệ theo dõi, đánh giá?",Không. Nhóm thu trên thuộc Trung tâm Thanh toán phụ trách đánh giá Nhóm Thanh toán trong nước ,Có,,,1,"Theo quy định, chức năng nhiệm vụ của các đơn vị và Văn bản Thông báo giao chỉ tiêu KH năm của Tổng Giám đốc"
157,Những quy định nào có hiệu lực về chế độ báo cáo thống kê tại Agribank hiện nay?,Quy định số 2042/QĐ-HĐTV-KHNV ngày 30/12/2016,Quy định số 2082/QĐ-NHNo-KHNV ngày 28/09/2018,"Quy định 2042/QĐ-HĐTV-KHNV ngày 30/12/2016 và Quy định số 2579/QĐ-NHNo-KHCL ngày 30/11/2022 Sửa đổi, bổ sung một số phụ lục tại QĐ 2042.",,3,Điều khoản thi hành Quy định 2042 và Văn bản bổ sung 2579
158,Quy định số 2579/QĐ-NHNo-KHCL ngày 30/11/2022 thay thế quy định nào?,Quy định số 2042/QĐ-HĐTV-KHNV ngày 30/12/2016,Quy định số 2082/QĐ-NHNo-KHNV ngày 28/09/2018,,,2,Khoản 2 Điều 2 QĐ 2579
159,Đơn vị đầu mối nào thực hiện truyền gửi báo cáo điện tử theo Thông tư 35 và thông tư 11 cho NHNN tại Agribank?,Ban Kế hoạch Chiến lược gửi,"Ban KHCL đôn đốc chi nhánh, Chi nhánh thực hiện gửi Báo cáo cho NHNN",Đơn vị nghiệp vụ gửi báo cáo cho NHNN theo chức năng nhiệm vụ phân công,Tất cả các đáp án trên,1,Điểm 3 Điều 10 QĐ 2042/QĐ-HĐTV-KHNV ngày 30/12/2016
160,Thời hạn chi nhánh thực hiện báo cáo định kỳ quý theo Thông tư 35 và Thông Tư 11 (Trừ 1 số báo cáo được quy định riêng)?,Chậm nhất ngày 12 của tháng đầu quý tiếp theo ngay sau kỳ báo cáo,Chậm nhất ngày 20 tháng đầu quý tiếp theo,Chậm nhất ngày 05 tháng đầu quý tiếp theo,,1,Tiết a điểm 2 Điều 14 QĐ 2042
161,"Khi cần gia hạn mở cổng để thực hiện báo cáo khi hết hạn hoặc chỉnh sửa, chi nhánh cần làm những bước nào để có thể làm báo cáo?",Gọi điện cho cán bộ phụ trách Thống kê Ban KHCL,Làm văn bản đề nghị gửi Ban nghiệp vụ phụ trách mẫu biểu cần gia hạn,Làm văn bản đề nghị gửi về TTCNTT.,Làm văn bản đề nghị gửi về Ban KHCL,4,Điểm 4 Điều 15 
162,Quy trình lập báo cáo thủ công nào sau đây tại chi nhánh là đúng?,#NAME?,#NAME?,#NAME?,Đáp án 1 và đáp án 3,2,Phụ lục II Quy định 2042/QĐ-HĐTV-KHNV
163,"Đối với các báo cáo tự động, khi phát hiện báo cáo bị sai số liệu, đơn vị nghiệp vụ cần liên hệ với đơn vị nào?",Ban đầu mối (KHCL),Chi nhánh,Trung tâm CNTT,NHNN,3,Tiết a điểm 2 Điều 10 QĐ 2042
164,Khi cần phải chỉnh sửa số liệu đối với các Biểu báo cáo đã thực hiện thì đơn vị phụ trách Biểu báo cáo cần làm gì? ,Gọi điện thông báo cho Trung tâm CNTT,Gọi điện cho NHNN thông báo,Gửi lại báo báo cho đơn vị nhận báo cáo,Gửi thuyết minh báo cáo bằng văn bản cho đơn vị nhận báo cáo,4,Điều 13 QĐ 2042/QĐ-HĐTV-KHNV ngày 30/12/2016
165,"Nếu ngày cuối cùng của thời hạn báo cáo trùng với ngày lễ, nghỉ tết hoặc ngày cuối tuần thì thời hạn báo cáo điều chỉnh như thế nào?","Ngày làm việc  tiếp theo ngay sau ngày nghỉ lễ, nghỉ tết hoặc ngày cuối tuần",Ngày làm việc trước ngày nghỉ,Vẫn tính thời hạn đến ngày nghỉ lễ,Trước 02 ngày làm việc trước ngày nghỉ lễ,1,Tiết d điểm 2 Điều 14 QĐ 2042
166,"Hết thời hạn thực hiện báo cáo theo quy định của chi nhánh, đơn vị nào sẽ khóa hệ thống báo cáo ?",Đơn vị nghiệp vụ sẽ khóa báo cáo theo báo cáo mình phụ trách,Đơn vị đầu mối sẽ khóa các mẫu biểu báo cáo,Trung tâm CNTT khóa hệ thống báo cáo,Hệ thống báo cáo sẽ tự động khóa,4,Điểm 1 Điều 15 QĐ 2042
167,Ban Chính sách Tín dụng phụ trách báo cáo nào sau đây?,Biểu 001- DBTK Báo cáo dư nợ tín dụng phân theo ngành kinh tế (theo ngành kinh doanh chính của khách hàng),057-TT Báo cáo tài khoản đảm bảo thanh toán,A2.002-TTGS Báo cáo phân loại nợ,085-SGD Báo cáo giao dịch trên thị trường liên ngân hàng,1,Phụ lục I. QĐ 2579
168,Ban ALCO phụ trách những báo cáo nào sau đây?,046-CSTT Báo cáo lãi suất tiền gửi và cho vay bình quân,047-CSTT Báo cáo lãi suất đối với nền kinh tế,Cả 2 đáp án trên,,3,Phụ lục I. QĐ 2579
169,Thời hạn nào Agribank truyền báo cáo tháng gửi NHNN theo quy định Thông tư 35 và Thông tư 11?,Chậm nhất vào ngày 05 tháng tiếp theo sau kỳ báo cáo,Chậm nhất vào ngày 10 tháng tiếp theo sau kỳ báo cáo,Chậm nhất vào ngày 12 tháng tiếp theo sau kỳ báo cáo,Tùy theo quy định từng biểu báo cáo tại Phụ lục III QĐ 2579,4,Phụ lục III QĐ 2579
170,Trình tự gửi báo cáo tới ngân hàng nhà nước nào sau đây là đúng?,CN loại II -> CN loại I -> Ban nghiệp vụ đầu mối -> Ban KHCL -> NHNN,CN loại II -> CN loại I -> Ban KHCL -> Ban nghiệp vụ -> NHNN,Ban nghiệp vụ -> CN loại I -> CN loại II -> Ban KHCL -> NHNN,,1,QĐ 2042/QĐ-HĐTV-KHNV ngày 30/12/2016
171,"Theo quy định, Ban KHCL sẽ thực hiện gửi báo cáo lên hệ thống của NHNN khi…",Đến hạn,Có xác nhận số liệu từ đơn vị nghiệp vụ đầu mối.,Quá hạn,Cả 3 phương án trên đều sai.,2,QĐ 2042/QĐ-HĐTV-KHNV ngày 30/12/2016
172,"Khi nhận được yêu cầu/phản hồi từ NHNN về số liệu/báo cáo điện tử có sai sót cần điều chỉnh, đơn vị nào sẽ tiếp nhận xử lý thông tin để triển khai?",Ban Kế hoạch Chiến lược,   Các Đơn vị nghiệp vụ phối hợp Trung tâm CNTT,,,2,Điều 15 QĐ 2042
173,Quy trình xác lập một báo cáo tại chi nhánh cấp I nào sau đây là đúng?,Cán bộ tổng hợp tại CN cấp I -> Kiểm soát duyệt ->Ban Nghiệp vụ -> Ban KHCL,CN loại II và PGD xác nhận số liệu -> cán bộ tổng hợp tại CN cấp I -> Kiểm soát duyệt ->Ban Nghiệp vụ ->Ban KHCL,,,2,QĐ 2042/QĐ-HĐTV-KHNV ngày 30/12/2016
174,Hệ thống báo cáo thống kê gửi NHNN tại Agribank thực hiện bằng những phương thức nào?,Chỉ gửi bằng báo cáo điện tử,Chỉ gửi báo cáo bằng văn bản,Gửi bằng báo cáo điện tử và văn bản. Báo cáo điện tử được thực hiện trên MIS.,,3,Khoản 5 Điều 3 QĐ 2042
175,Bất kỳ cán bộ nào tại Trụ sở chính Agribank cũng được quyền truyền file báo cáo điện tử gửi NHNN? ,Đúng,Phải được NHNN cấp chứng thư số (chữ ký điện tử),,,2,Khoản 2 Điều 17 QĐ 2042
176,"Đơn vị nào có trách nhiệm chủ trì xây dựng và trình Tổng Giám đốc, trình Hội đồng thành viên cơ chế, quy chế, quy trình báo cáo thống kê trong hệ thống Agribank",Ban Kế hoạch Chiến lược,Trung tâm CNTT,Ban Thư ký tổng hợp,Ban Tài chính kế toán,1,Khoản 3 Điều 19 QĐ 2042
177,"Đơn vị nào có trách nhiệm xây dựng, cài  đặt chương trình phần mềm thực hiện chế độ báo cáo thống kê;chương trình xác nhận báo cáo (chữ ký điện tử).",Ban Tài chính kế toán,Ban Kế hoạch Chiến lược,Ban Ngân hàng số,Trung tâm CNTT,4,Khoản 1 Điều 20 QĐ 2042
178,"Trường hợp nhận được thông báo tra soát của Trụ sở chính hoặc/và của NHNN tỉnh, thành phố trên địa bàn (NHNN khu vực), các chi nhánh phải chỉnh sửa và truyền (gửi) lại đầy đủ, chính sác số liệu, mẫu biểu báo cáo về Trụ sở chính trong vòng mấy ngày làm việc?",02 (hai) ngày,03 (ba) ngày,01 (một) ngày ,,1,Khoản 3 Điều 15 QĐ 2042
179,"Việc sửa đổi, bổ sung các Phụ lục của Quy định 2042/QĐ-HĐTV-KHNV ngày 30/12/2016 về chế độ báo cáo thống kê trong hệ thống Agribank do cấp nào quyết định?",Hội đồng thành viên,Trưởng khối ,Tổng Giám đốc,Trưởng Ban/Giám đốc Trung tâm,3,Khoản 3 Điều 24 QĐ 2042
180,Cơ quan có thẩm quyền trong việc xếp hạng Agribank?,NHNN,Bộ Tài chính,Hiệp hội ngân hàng Việt Nam,Cả 03 đáp án trên,1,"NHNN thực hiện xếp hạng TCTD (trong đó có Agribank) theo quy định tại Thông tư 52/2018/TT-NHNN (được sửa đổi, bổ sung tại Thông tư 23/2021/ TT-NHNN)"
181,NHNN quy định bao nhiêu mức xếp hạng?,2 mức,3 mức,4 mức,5 mức,4,"Theo quy định Khoản 5 Điều 4 Thông tư 52/2018/ TT-NHNN, căn cứ vào mức điểm xếp hạng đạt được, TCTD được xếp vào một trong 05 mức xếp hạng sau: Tốt (A), Khá (B), Trung bình (C), Yếu (D) hoặc Yếu kém (E). "
182,Hệ thống tiêu chí xếp hạng TCTD của NHNN gồm bao nhiêu tiêu chí?,6 tiêu chí,5 tiêu chí,4 tiêu chí,3 tiêu chí,1,"Theo quy định Khoản 1 Điều 6 Thông tư 52/2018/ TT-NHNN, hệ thống tiêu chí được sử dụng để xếp hạng TCTD gồm 6 tiêu chí: Vốn (E); Chất lượng tài sản (A); Quản trị điều hành (M); Kết quả hoạt động kinh doanh (E); Khả năng thanh khoản (L) và Mức độ nhạy cảm đối với rủi ro thị trường (S)."
183,"Theo quy định của NHNN, TCTD được chia thành bao nhiêu nhóm đồng hạng để xếp hạng?",3 nhóm,4 nhóm,5 nhóm,6 nhóm,4,"Theo quy định tại khoản 2 Điều 4 Thông tư 52/2018/ TT-NHNN, TCTD được chia thành 6 nhóm đồng hạng dựa trên quy mô tài sản."
184,"Thông tin, dữ liệu sử dụng để xếp hạng TCTD là: ",Báo cáo tài chính trước kiểm toán,Báo cáo tài chính đã được kiểm toán,Báo cáo tổng kết,Báo cáo thường niên,2,"Theo quy định tại khoản 1 Điều 5 Thông tư 52/2018/ TT-NHNN đã được sửa đổi, bổ sung tại Thông tư 23/2021/TT-NHNN"
185,Mỗi tiêu chí xếp hạng dựa trên bao nhiêu nhóm chỉ tiêu?,4 nhóm,3 nhóm,2 nhóm,1 nhóm,3,"Theo quy định tại khoản 3 Điều 4 Thông tư 52/2018/ TT-NHNN, từng tiêu chí xếp hạng bao gồm 2 nhóm chỉ tiêu là: chỉ tiêu định lượng và chỉ tiêu định tính."
186,Mỗi chỉ tiêu định lượng được tính điểm dựa trên bao nhiêu ngưỡng?,3 ngưỡng,5 ngưỡng,7 ngưỡng,9 ngưỡng,2,Theo quy định tại Điều 13 Thông tư 52/2018/TT-NHNN
187,Nhóm chỉ tiêu định tính đo lường gì?,Mức độ lành mạnh hoạt động ngân hàng,Mức độ cạnh tranh của TCTD,Mức độ hiện đại của TCTD,Mức độ tuân thủ quy định pháp luật của TCTD,4,Theo quy định tại khoản 3 Điều 4 Thông tư 52/2018/ TT-NHNN
188,NHNN chấm điểm các chỉ tiêu định tính dựa trên các hành vi vi phạm của TCTD như thế nào?,Chỉ tính tính trong năm xếp hạng,Năm xếp hạng và 5 năm liền kề trước năm xếp hạng,Năm xếp hạng và 4 năm liền kề trước của năm xếp hạng nhưng chưa khắc phục xong,Năm xếp hạng và 3 năm liền kề trước năm xếp hạng,3,"Theo quy định tại Điều 16 Thông tư 52/2018/TT-NHNN, được sửa đổi bổ sung tại Thông tư 23/2021/ TT-NHNN"
189,Giá trị của nhóm chỉ tiêu định tính được xác định như thế nào?,Tổng mức phạt tiền (đồng)/Vốn tự có riêng lẻ (đồng) x 100.000,Tổng mức phạt tiền/Vốn tự có hợp nhất,Tổng mức phạt tiền/Vốn tự có cấp 1,Tổng mức phạt tiền/Vốn tự có cấp 2,1,"Theo quy định tại Điều 16 Thông tư 52/2018/TT-NHNN, được sửa đổi bổ sung tại Thông tư 23/2021/ TT-NHNN"
190,TCTD được phép cung cấp kết quả xếp hạng cho bên thứ ba dưới hình thức nào?,Văn bản,Thư điện tử,Hình ảnh,Không được phép cung cấp dưới bất cứ hình thức nào,4,"Theo quy định tại khoản 1 Điều 23 Thông tư 52/2018/TT-NHNN, được sửa đổi bổ sung tại Thông tư 23/2021/TT-NHNN "
191,"Theo quy định của Chính phủ và Bộ Tài chính, việc đánh giá hiệu quả đầu tư vốn nhà nước tại TCTD và xếp loại TCTD được chia thành mấy mức?",1 mức,2 mức,3 mức,4 mức,3,"Theo quy định tại Điều 5 Thông tư 12/2018/TT-BTC, việc đánh giá hiệu quả đầu tư vốn nhà nước tại TCTD và xếp loại TCTD được chia thành 3 mức (A, B, C)."
192,"Theo quy định của Chính phủ và Bộ Tài chính, việc đánh giá hiệu quả đầu tư vốn nhà nước tại TCTD và xếp loại TCTD dựa trên mấy tiêu chí? (KHÔNG bao gồm tiêu chí Tình hình thực hiện sản phẩm, dịch vụ công ích)",2 tiêu chí,4 tiêu chí,6 tiêu chí,8 tiêu chí,2,"Theo quy định tại Điều 5 Thông tư 12/2018/TT-BTC, việc đánh giá hiệu quả đầu tư vốn nhà nước tại TCTD và xếp loại TCTD dựa trên 4 tiêu chí: Tổng doanh thu; Tỷ suất lợi nhuận sau thuế trên vốn CSH; Tỷ lệ nợ xấu và tỷ lệ nợ có khả năng mất vốn; Tình hình chấp hành pháp luật."
193,Báo cáo phục vụ họp giao ban Trụ sở chính được thực hiện định kỳ như thế nào?,Hàng tuần,Hàng tháng,Hàng quý,Hàng năm,2,"Theo quy định tại khoản 4 Điều 32 Quyết định 999/QĐ-NHNo-TCTL ngày 21/5/2020 Quy định điều hành, lề lối làm việc của Ban điều hành và các đơn vị thành viên Trụ sở chính Agribank "
194,Báo cáo Người đại diện vốn chủ sở hữu trực tiếp tại Agribank phải trình cấp thẩm quyền nào phê duyệt trước khi gửi NHNN theo quy định?,Kế toán trưởng,Phó Tổng Giám đốc,Tổng Giám đốc,Hội đồng thành viên,4,"Theo quy định tại khoản 2 Điều 3 Quyết định 1500/QĐ-NHNN, Hội đồng thành viên Agribank là Người đại diện vốn chủ sở hữu trực tiếp tại Agribank; do đó cấp phê duyệt là Hội đồng thành viên"
195,Agribank phải định kỳ công bố bao nhiêu thông tin?,6 thông tin,7 thông tin,8 thông tin,9 thông tin,3,Theo quy định tại khoản 1 Điều 23 Nghị định 47/2021/NĐ-CP
196,Cơ quan quyết định việc tạm hoãn công bố thông tin của Agribank?,Ngân hàng Nhà nước,Bộ Tài chính,Bộ Kế hoạch và Đầu tư,Bộ Thông tin và truyền thông,1,Theo quy định tại khoản 2 Điều 26 Nghị định 47/2021/NĐ-CP
197,Có bao nhiêu sự kiện mà khi xảy ra một trong các sự kiện đó thì Agribank phải công bố thông tin bất thường?,10 sự kiện,8 sự kiện,6 sự kiện,4 sự kiện,2,"Theo quy định tại khoản 1 Điều 110 Luật Doanh nghiệp 2020 và các văn bản sửa đổi, bổ sung"
198,"Thời hạn công bố thông tin về Mục tiêu tổng quát, mục tiêu, chỉ tiêu cụ thể của kế hoạch kinh doanh hằng năm đã được cơ quan đại diện chủ sở hữu phê duyệt theo nội dung quy định tại Biểu số 2 Phụ lục II kèm theo Nghị định 47/2021/NĐ-CP?",Trước ngày 31 tháng 3 của năm thực hiện,Trước ngày 30 tháng 6 của năm thực hiện,Trước ngày 30 tháng 9 của năm thực hiện,Trước ngày 31 tháng 12 của năm thực hiện,1,Khoản 1 Điều 23 Nghị định 47/2021/NĐ-CP
199,"Thời hạn công bố thông tin về Báo cáo đánh giá về kết quả thực hiện kế hoạch sản xuất, kinh doanh hằng năm theo nội dung quy định tại Biểu số 3 Phụ lục II kèm theo Nghị định 47/2021/NĐ-CP?",Trước ngày 31 tháng 3 của năm liền sau năm thực hiện,Trước ngày 30 tháng 6 của năm liền sau năm thực hiện,Trước ngày 30 tháng 9 của năm liền sau năm thực hiện,Trước ngày 31 tháng 12 của năm liền sau năm thực hiện,2,Khoản 1 Điều 23 Nghị định 47/2021/NĐ-CP
200,Thời hạn công bố thông tin về Báo cáo thực trạng quản trị và cơ cấu tổ chức hằng năm của doanh nghiệp theo nội dung quy định tại Biểu số 6 Phụ lục II kèm theo Nghị định 47/2021/NĐ-CP?,Trước ngày 31 tháng 3 của năm liền sau năm thực hiện,Trước ngày 30 tháng 6 của năm liền sau năm thực hiện,Trước ngày 30 tháng 9 của năm liền sau năm thực hiện,Trước ngày 31 tháng 12 của năm liền sau năm thực hiện,2,Khoản 1 Điều 23 Nghị định 47/2021/NĐ-CP
201,Thời hạn công bố thông tin về Báo cáo thực trạng quản trị và cơ cấu tổ chức 06 tháng của doanh nghiệp theo nội dung quy định tại Biểu số 5 Phụ lục II kèm theo Nghị định 47/2021/NĐ-CP?,Trước ngày 31 tháng 3 hằng năm,Trước ngày 30 tháng 6 hằng năm,Trước ngày 31 tháng 7 hằng năm,Trước ngày 31 tháng 12 hằng năm,3,Khoản 1 Điều 23 Nghị định 47/2021/NĐ-CP
202,"Đơn vị nào xây dựng phương án thành phần về sắp xếp, cơ cấu lại mạng lưới hoạt động của Agribank",Ban Tổ chức Nhân sự,Ban Kế hoạch Chiến lược,,,1,Văn bản số 2993/QĐ-NHNo-TCNS ngày 23/12/2022
203,"Cấp lãnh đạo nào của Agribank chỉ đạo xây dựng, trình NHNN xem xét, phê duyệt Phương án cơ cấu lại gắn với xử lý nợ xấu giai đoạn 2021-2025?",Hội đồng Thành viên,Tổng Giám đốc,,,1,Văn bản số 13821/NHNo-KHCL ngày 30/12/2022 về xây dựng phương án cơ cấu lại Agribank gắn với xử lý nợ xấu giai đoạn 2021-2025
204,Tên Chiến lược phát triển Agribank trong giai đoạn hiện nay là gì?,"Chiến lược phát triển Agribank đến năm 2025, định hướng đến năm 2030",Chiến lược phát triển Agribank giai đoạn 2021-2030,,,1,Văn bản số 58/HĐTV-KHNV ngày 08/02/2021
205,Đơn vị nào yêu cầu Agribank xây dựng Phương án cơ cấu lại gắn với xử lý nợ xấu giai đoạn 2021-2025,Ngân hàng Nhà nước,Bộ Tài chính,,,1,Văn bản số 1976/NHNN-TTGSNH ngày 04/4/2022
206,Đơn vị nào xây dựng phương án thành phần về xử lý nợ xấu?,Trung tâm Quản lý nợ có vấn đề,Ban Kế hoạch Chiến lược,,,1,Văn bản số 2993/QĐ-NHNo-TCNS ngày 23/12/2022
207,"Đơn vị nào xây dựng phương án thành phần về giải pháp nâng cấp hệ thống công nghệ thông tin, chiến lược chuyển đổi số nhằm nâng cao hiệu quả hoạt động, năng lực cạnh tranh?",Ban Công nghệ,Ban Kế hoạch Chiến lược,,,1,Văn bản số 2993/QĐ-NHNo-TCNS ngày 23/12/2022
208,"Lộ trình và tổ chức thực hiện Đề án chiến lược phát triển Agribank đến năm 2025, định hướng đến năm 2030 được chia thành những giai đoạn nào?","Giai đoạn 2021-2023 và 
giai đoạn 2024-2025"," Giai đoạn 2021-2025 và 
giai đoạn 2026-2030",,,1,Văn bản số 58/HĐTV-KHNV ngày 08/02/2021
209,"Đơn vị nào xây dựng phương án thành phần về nâng cao năng lực tài chính, tăng vốn điều lệ?",Ban Tài chính Kế toán,Ban Kế hoạch Chiến lược,,,1,Văn bản số 2993/QĐ-NHNo-TCNS ngày 23/12/2022
210,Cấp lãnh đạo nào của Agribank phê duyệt Đề án Chiến lược phát triển?,Hội đồng Thành viên,Tổng Giám đốc,,,1,Luật TCTD 2024
211,"Hội đồng thành viên phê duyệt Đề án Chiến lược phát triển Agribank đến năm 2025, định hướng đến năm 2030 tại văn bản nào?",Văn bản số 58/HĐTV-KHNV ngày 08/02/2021,Văn bản số 2679/NHNo-KHNV ngày 24/3/2021,,,1,Văn bản số 58/HĐTV-KHNV ngày 08/02/2021
212,"Đơn vị nào xây dựng phương án thành phần về nâng cao chất lượng các hoạt động dịch vụ, tăng thu từ các hoạt động dịch vụ?",Ban Khách hàng doanh nghiệp,Ban Kế hoạch Chiến lược,,,1,Văn bản số 2993/QĐ-NHNo-TCNS ngày 23/12/2022 và các chỉ đạo liên quan
213,"Đơn vị nào xây dựng phương án thành phần về cơ cấu lại tài sản Nợ, tài sản Có?",Ban ALCO,Ban Kế hoạch Chiến lược,,,1,Quyết định số 2993/QĐ-NHNo-TCNS ngày 23/12/2022
214,"Đơn vị nào đầu mối xây dựng Đề án chiến lược phát triển Agribank đến năm 2025, định hướng đến năm 2030?",Ban Kế hoạch Chiến lược,Ban Kế hoạch Chiến lược,,,1,Văn bản số 1994/NHNo-KHNV ngày 21/3/2019 
215,Đơn vị nào đầu mối xây dựng Phương án cơ cấu lại Agribank gắn với xử lý nợ xấu giai đoạn 2021-2025?,Ban Kế hoạch Chiến lược,Ban Tài chính Kế toán,,,1,Văn bản số 13821/NHNo-KHCL ngày 30/12/2022 
216,Phương án cơ cấu lại Agribank gắn với xử lý nợ xấu giai đoạn 2021-2025 được Thống đốc NHNN phê duyệt tại Quyết định nào?,Quyết định 2526/QĐ-NHNN ngày 29/12/2023,620/QĐ-HĐTV-NHS ngày 05/10/2022,,,1,Quyết định 2526/QĐ-NHNN ngày 29/12/2023
217,"Thực hiện Quyết định số 2526/QĐ-NHNN ngày 29/12/2023 về phê duyệt Phương án cơ cấu lại, Hội đồng thành viên Agribank đã triển khai thực hiện Phương án cơ cấu lại tại văn bản nào?",Văn bản 212/HĐTV-KHCL ngày 12/4/2024,Quyết định 2015/QĐ-NHNo-TCTL ngày 22/9/2020,,,1,Văn bản 212/HĐTV-KHCL ngày 12/4/2024
218,"Thực hiện Quyết định số 2526/QĐ-NHNN ngày 29/12/2023 về phê duyệt Phương án cơ cấu lại và chỉ đạo của Hội đồng thành viên tại văn bản 212/HĐTV-KHCL, Tổng Giám đốc tiếp tục triển khai thực hiện Phương án cơ cấu lại tại văn bản nào?",Văn bản 4655/NHNo-KHCL ngày 16/4/2024,2015/QĐ-NHNo-TCTL ngày 22/9/2020,,,1,Văn bản 4655/NHNo-KHCL ngày 16/4/2024
219,"Đơn vị đầu mối tổng hợp trình Tổng Giám đốc phê duyệt, báo cáo NHNN về kết quả thực hiện Phương án cơ cấu lại Agribank gắn với xử lý nợ xấu giai đoạn 2021-2025?",Ban Kế hoạch Chiến lược,Ban Tài chính Kế toán,,,1,Văn bản 4655/NHNo-KHCL ngày 16/4/2024
220,"Đơn vị nào được giao nhiệm vụ đầu mối tổng hợp, xây dựng báo cáo gửi Ngân hàng Nhà nước theo quy định về kết quả thực hiện “Chiến lược tài chính toàn diện quốc gia đến năm 2025, định hướng đến năm 2030” tại Agribank?",Ban Kế hoạch Chiến lược,Văn phòng TSC,,,1,Mục 5.1- Văn bản số 7382/NHNo-KHNV ngày 24/9/2020 của TGĐ
221,"Tổng Giám đốc điều chỉnh phân công nhiệm vụ các đơn vị thực hiện “Chiến lược tài chính toàn diện quốc gia đến năm 2025, định hướng đến năm 2030” tại văn bản nào?",Văn bản số 4829/NHNo-KHCL ngày 01/6/2022 của TGĐ ,Văn bản số 7186/HD-NHNo-TCKT ngày 30/6/2022,,,1,Văn bản số 4829/NHNo-KHCL ngày 01/6/2022 của TGĐ
222,"Thời điểm chốt số liệu báo cáo định kỳ hàng năm về kết quả thực hiện “Chiến lược tài chính toàn diện quốc gia đến năm 2025, định hướng đến năm 2030” là thời điểm nào?",Tính đến ngày 31/12 của năm báo cáo,01/6 năm kế tiếp,,,1,Mục 3.2 - Văn bản số 7382/NHNo-KHNV ngày 24/9/2020 của TGĐ
223,"Chương trình hành động “Thực hiện Nghị quyết của Bộ Chính trị, Chính phủ, Kế hoạch hành động của ngành ngân hàng thực hiện phương hướng phát triển kinh tế xã hội và bảo đảm quốc phòng, an ninh tại các vùng đến năm 2030, tầm nhìn đến năm 2045” được Tổng Giám đốc quy định tại văn bản nào ?",Văn bản số 6256/NHNo-KHCL ngày 09/6/2023,Văn bản số 7186/HD-NHNo-TCKT ngày 30/6/2022,,,1,Văn bản số 6256/NHNo-KHCL ngày 09/6/2023
224,"Nghị quyết của Bộ Chính trị, Chính phủ, Kế hoạch hành động của ngành ngân hàng thực hiện phương hướng phát triển kinh tế xã hội và bảo đảm quốc phòng, an ninh đến năm 2030, tầm nhìn đến năm 2045” được xây dựng cho mấy vùng ?",6 vùng,3 vùng,,,1,Văn bản số 6256/NHNo-KHCL ngày 09/6/2023
225,"Đơn vị nào đầu mối tổng hợp, xây dựng báo cáo gửi NHNN về tiến độ, kết quả thực hiện Chương trình hành động “Thực hiện Nghị quyết của Bộ Chính trị, Chính phủ, Kế hoạch hành động của ngành ngân hàng thực hiện phương hướng phát triển kinh tế xã hội và bảo đảm quốc phòng, an ninh tại các vùng đến năm 2030, tầm nhìn đến năm 2045” ?",Ban Kế hoạch Chiến lược,Ban Thư ký tổng hợp ,,,1,"Khoản d, Mục 2, Phần III -Văn bản số 6256/NHNo-KHCL ngày 09/6/2023"
226,"Báo cáo định kỳ hàng năm về kết quả thực hiện Chương trình hành động “Thực hiện Nghị quyết của Bộ Chính trị, Chính phủ, Kế hoạch hành động của ngành ngân hàng thực hiện phương hướng phát triển kinh tế xã hội và bảo đảm quốc phòng, an ninh tại các vùng đến năm 2030, tầm nhìn đến năm 2045” các đơn vị gửi về Ban Kế hoạch Chiến lược vào thời gian nào?",Gửi trước ngày 05/11 năm báo cáo,Gửi trước ngày 01/6,,,1,Mục 3 - Văn bản số 6256/NHNo-KHCL ngày 09/6/2023
227,"Thời điểm chốt số liệu báo cáo định kỳ hàng năm về kết quả thực hiện Chương trình hành động “Thực hiện Nghị quyết của Bộ Chính trị, Chính phủ, Kế hoạch hành động của ngành ngân hàng thực hiện phương hướng phát triển kinh tế xã hội và bảo đảm quốc phòng, an ninh tại các vùng đến năm 2030, tầm nhìn đến năm 2045” là thời điểm nào?",Số liệu đến hết ngày 31/10 năm báo cáo,Số liệu đến ngày 31/5,,,1,Mục 3 - Văn bản số 6256/NHNo-KHCL ngày 09/6/2023
228,"Đơn vị nào được giao nhiệm vụ đầu mối tổng hợp, báo cáo NHNN về kết quả triển khai Chương trình hành động thực hiện Chiến lược phát triển ngành Ngân hàng đến năm 2025, định hướng đến năm 2030?",Ban Kế hoạch Chiến lược,Ban Tài chính Kế toán,,,1,Phê duyệt của TGĐ tại Tờ trình ngày 11/3/2019 của Ban KHVN
229,"Định kỳ hàng năm, các đơn vị báo cáo Tổng Giám đốc (qua Ban KHCL) kết quả thực hiện Chiến lược tài chính toàn diện quốc gia đến năm 2025, định hướng đến năm 2030 vào thời gian nào?",Ngày 15/01 năm kế tiếp,Ngày 01/6 năm kế tiếp,,,1,Mục 3.3 - Văn bản số 7382/NHNo-KHNV ngày 24/9/2020 của TGĐ
230,"Tổng Giám đốc phân công các Ban, Trung tâm tại Trụ sở chính hướng dẫn, hỗ trợ chi nhánh xây dựng, hoàn thiện hồ sơ kinh tế địa phương tại văn bản nào?",433/QĐ-NHNo-TCNS ngày 04/3/2024; 8320/NHNo-KHCL ngày 21/6/2024,412/QĐ-HĐTV-TCNS ngày 23/5/2024,,,1,433/QĐ-NHNo-TCNS ngày 04/3/2024; 8320/NHNo-KHCL ngày 21/6/2024
231,"Tổng Giám đốc chỉ đạo Chi nhánh loại I hoàn thiện hồ sơ kinh tế địa phương, báo cáo, đề xuất Thành viên Ban Tổng Giám đốc phụ trách chi nhánh xem xét phê duyệt tại văn bản nào?",433/QĐ-NHNo-TCNS ngày 04/3/2024; 8320/NHNo-KHCL ngày 21/6/2024,412/QĐ-HĐTV-TCNS ngày 23/5/2024,,,1,433/QĐ-NHNo-TCNS ngày 04/3/2024; 8320/NHNo-KHCL ngày 21/6/2024
232,"Đơn vị nào chủ trì phối hợp với Văn phòng đại diện khu vực Miền Nam, các chi nhánh và đơn vị liên quan xây dựng và hoàn thiện hồ sơ kinh tế địa phương của Khu vực TP Hà Nội, TP HCM?",Ban Kế hoạch Chiến lược,Ban Tài chính Kế toán,,,1,433/QĐ-NHNo-TCNS ngày 04/3/2024; 8320/NHNo-KHCL ngày 21/6/2024
233,"Anh/chị cho biết, Tổng Giám đốc tiếp tục chỉ đạo triển khai nhiệm vụ, giải pháp thực hiện Phương án cơ cấu lại những tháng cuối năm 2024 tại văn bản nào?",11448/NHNo-KHCL ngày 21/8/2024,13821/NHNo-KHCL ngày 30/12/2022,Văn bản số 16091/NHNo-KHCL ngày 29/7/2025,,1,Văn bản số 11448/NHNo-KHCL ngày 21/8/2024
234,"Anh/chị cho biết, Tổng Giám đốc tiếp tục chỉ đạo triển khai nhiệm vụ, giải pháp thực hiện Phương án cơ cấu lại trong năm 2025 tại văn bản nào?","4264/NHNo-KHCL 
ngày 31/3/2025",13821/NHNo-KHCL ngày 30/12/2022,Văn bản số 16091/NHNo-KHCL ngày 29/7/2025,,1,Văn bản số 4264/NHNo-KHCL ngày 31/3/2025
235,"Tổng Giám đốc ban hành Chương trình hành động thực hiện Nghị quyết 68-NQ/TW ngày 04/5/2025 của Bộ Chính trị, Quyết định số 2415/QĐ-NHNN và 2416/QĐ-NHNN ngày 25/6/2025 của Ngân hàng Nhà nước về phát triển kinh tế tư nhân tại văn bản nào ?",Văn bản số 10691/NHNo-KHCL ngày 29/7/2025,Văn bản số 2888/QĐ-NHNo-PTD ngày 08/8/2025,Văn bản số 4264/NHNo-KHCL ngày 31/3/2025,,1,Văn bản số 16091/NHNo-KHCL ngày 29/7/2025
236,Agribank khi thực hiện công bố thông tin phải đăng tải trên trang điện tử nào?,Website của Agribank,Website của Ngân hàng Nhà nước,Website của Bộ Tài Chính,Website của Agribank và Cổng thông tin doanh nghiệp,4,Khoản 1 Điều 25 Nghị định 47/2021/NĐ-CP
237,"Đơn vị nào tại TSC theo dõi, đánh giá Nhóm thanh toán quốc tế?",Ban Tài chính Kế toán ,Trung tâm tài trợ thương mại,,,2,PL 02: Chỉ tiêu Kế hoạch kinh doanh năm 2025 đối với các đơn vị TSC (Kèm VB số 2889/NHNo-KHCL ngày 07/3/2025) 
238,Cấp nào có thẩm quyền ban hành Chiến lược kinh doanh của Agribank ?,Hội đồng thành viên,Tổng Giám đốc,Ngân hàng Nhà nước,,1,Khoản 2 Điều 36 - Điều lệ Tổ chức và hoạt động của Agribank số 1200/ĐL-HĐTV-PC ngày 10/10/2024
239,"Thẩm quyền phê duyệt công bố thông tin tại Agribank (loại trừ các thông tin tại điểm c, d Khoản 9 và từ điểm b đến điểm g Khoản 10 Điều 7; điểm e, g, h Khoản 1 và điểm t, u, v, x Khoản 2 Điều 8 Quy chế số 878/QC-HĐTV-TTh ngày 10/7/2025)?",Hội đồng thành viên,Tổng Giám đốc,Phó Tổng Giám đốc,Ban Kiểm soát,1,Theo quy định tại khoản 1 Điều 5 Quy chế 878/QC-HĐTV-TTh
240,Thời hạn mà Agribank phải công bố thông tin bất thường khi xảy ra một trong các sự kiện quy định tại khoản 2 Điều 8 Quy chế số 878/QC-HĐTV-TTh ngày 10/7/2025,Trong vòng 12 giờ kể từ khi xảy ra sự kiện,Trong vòng 24 giờ kể từ khi xảy ra sự kiện,Trong vòng 36 giờ kể từ khi xảy ra sự kiện,Trong vòng 48 giờ kể từ khi xảy ra sự kiện,2,Theo quy định tại khoản 2 Điều 8 Quy chế số 878
